Season,UUID

s1,013327c7-c4e3-4188-a809-afa3b18db4a0

s1,0218efd7-0403-4f8d-b627-774c1b380641

s1,032ac6bf-b51c-4ab0-9e26-1b637ab98c2c

s1,05072401-673e-4648-a33a-91d257e69aa3

s1,07287377-1ff7-4e33-981a-9ab31027ac84

s1,0729ce7f-e1c1-4e45-bd07-4314e8a7a55b

s1,0740e840-a5a4-4eeb-b367-cfe5e2dabd4d

s1,07931809-ab6e-487d-a9c9-d8cdcf594a9d

s1,09f65a6d-a232-4c3b-88eb-a49238f8e71f

s1,0a1fdb4f-59e1-4b5a-9bf3-c003e8822097

s1,0a8dca3b-d3e6-465d-80fa-cb3d68c2d06e

s1,0c9cb095-a46e-40bd-89cf-684da13846c0

s1,0e57af37-5c6d-4a78-8925-3cce26ffe250

s1,0e7a7124-b219-4310-98c5-fa2e2821ac1d

s1,0f465ac2-41e7-4733-929f-f3f2053dfd92

s1,0fdb7314-810b-4f5e-b2d1-f04f0badb33d

s1,0ff1be10-708c-48a8-b7ca-9f60166925d6

s1,10710270-4277-4937-9a89-bf317dd15f4d

s1,10f3cd89-c498-4952-90de-148147fcb6ae

s1,11bac230-5467-4552-9155-6d1d7bf7f68a

s1,11c2991c-99d7-4a32-ad47-2b1c2a6b16ec

s1,11fc6dc4-58f7-46b0-8f8c-b1a452771679

s1,128dfbad-2de2-4cce-8407-58e94b887ae8

s1,13358c08-d071-4e55-974e-598b34f5145b

s1,14348791-f010-4040-b7b7-3b4d4fb6ce68

s1,1463e36c-3ce3-4d1d-aecf-a0e8ddbc99b5

s1,148c6783-1482-4997-8f77-916f9bad7ed3

s1,148c8c8a-11cd-49ce-82e0-1fc29757ccbb

s1,149a9dbb-fcb8-4325-ad3f-6d695f2458a2

s1,14ac307a-fdb9-4204-965e-ae300ea9dc85

s1,1574cdfb-adc3-4df2-a1e9-76530ff7c3db

s1,15984834-04ad-4a65-9766-f8ddadfc20a0

s1,1644f5fc-05b9-4286-a0b3-85d963acb7b5

s1,169070d2-e3a5-47bf-be40-6a46f7d3f474

s1,169cb08d-ae68-4d4f-aec8-7f41d1cd0e90

s1,16c248f2-7029-4a64-89bf-b987b245dba9

s1,16dd6975-6477-42fb-995c-775a622a0cb9

s1,178f5d89-7df7-4ea0-b1d0-03e03fb51dab

s1,18ba5321-f7fc-4ce2-ad4b-c88a217db615

s1,194391c2-6bf5-4c0a-bd95-c4fa9fa01112

s1,19b32d02-6079-4b4d-a511-8de34de9731a

s1,19d2a82b-4fb9-4369-851a-e21f3569c948

s1,1a0b9bf0-b2a2-43c6-86a9-4b347fe841e7

s1,1aca9fdf-0289-4198-9bb9-dd42ce7c78c4

s1,1ae79118-5bb9-4015-972e-04f21b786e2e

s1,1b249aca-e0d4-4fc6-a2c8-3d8434706925

s1,1b49d3a1-c4f3-49f6-acca-3cc4d2af53e3

s1,1b6a8b7d-3b18-4c9d-ac11-f0a31aab9df1

s1,1e7f021e-fac8-4021-b2bd-f9ea5f25a7e7

s1,1ed967e4-9e10-420c-9f8d-4166a552abe6

s1,1ee13474-4f8e-40f8-b301-75e2e0789564

s1,1fb26d28-e3c6-44b9-924a-44ebd3cb7bde

s1,20106cd5-ee86-4f82-bb8b-2bfd3cf4ef81

s1,205ed1f7-aa4e-4135-b350-8768a8ae6ea6

s1,2074d6a2-2051-4a5c-93af-ef38013fe4eb

s1,20df90fc-561c-4b99-a01d-05c05fe89ef6

s1,2200f52d-ff8c-4a76-b911-c062de69a007

s1,2205d8e5-2e42-4f8c-84ca-7a61fded6229

s1,22af2493-7338-42e1-b9f5-03916a109f95

s1,24133d88-b7c9-49f2-8198-26c560b4f8a8

s1,24bda688-c6d8-4512-8e03-928be615988d

s1,24e600ef-cfe9-4982-a407-fd7ea6dd9820

s1,25f0f2e5-8b40-4c5b-b812-b1428411625c

s1,25f2e050-3aea-4e71-8109-42bca54a9254

s1,272ad574-8a9b-4d24-9a06-b4d9f157fa1c

s1,27af4f76-fbaa-4306-9031-0e3935fc3c6c

s1,27df6e6d-5438-45bc-b03d-82a10e70d683

s1,287634c4-6cf2-448b-b9ee-16047761adcd

s1,29e77f2d-74eb-4020-994e-06d7e5f539a8

s1,2a0fbfd5-8167-4f03-9bd1-d14cb6c4e96f

s1,2a2cc936-75b8-47a6-b55b-2daec24faaed

s1,2ba45ae9-85df-4977-8bca-7a50f98a9ae9

s1,2bfa84ab-be1e-41e7-bef7-d2e72e290ec3

s1,2c3634a7-8551-49c1-b6c8-321ff18ab462

s1,2c5610ba-cf28-4a22-9345-34d156be30fe

s1,2c6d494e-bacc-42fb-a638-98d27b946537

s1,2c95ad02-70c6-4019-aa64-60e8e71a6915

s1,2d47b09e-e5c3-42ec-a441-98878b5eb992

s1,2e56b10d-f589-4e0c-b4f7-94dcf68bb0fe

s1,2e6b245d-4a27-47d5-837e-bfefa73b68d7

s1,2f84fe18-62de-4ac7-8c12-9dd356472863

s1,30784385-bb98-4d30-884e-e6ea70f3dda2

s1,307ee02b-66fe-4de5-90ad-fd2318e1dbb9

s1,30afdeb4-1981-43fa-b5c7-3059eced5276

s1,30e33160-e0f8-4825-9838-4425293a1352

s1,30fc18ae-439f-45de-a825-84ea343081c4

s1,313cb2a5-5807-48b5-b77d-3b00249904d8

s1,31514693-8ce1-4c8f-8a13-604a09e63026

s1,3151c0a4-234c-4c1a-b567-4172ff4ca25b

s1,3344c2a6-b0ef-438a-ade4-e7494f4dd367

s1,3350795f-1d73-48fe-a8cd-09c526d8bfb9

s1,33689acb-0d4b-459e-a02a-0997f58c9b05

s1,33890b8c-61d2-4ec4-a8ee-af8cd9dfbffd

s1,345b9e8b-2947-4e9f-873f-762fc4a15b01

s1,3463c2cf-6226-47a1-a77d-4b05b43fe1b6

s1,3493eb95-6b8b-4fb8-a4a1-e73bf7c182a0

s1,34c3cb01-fbe5-485b-a658-d6954d8ef0c3

s1,34f9bd23-1b3a-477b-af53-d3be533e28d1

s1,357d332e-be57-4ce6-85d6-e6479e6d3a90

s1,35865673-710d-4234-9e85-02555d0271eb

s1,35dd504f-3399-4d59-8e90-200e43719cb9

s1,3628b57f-21d1-47a4-a47e-71cd6b5f1e3b

s1,36be816e-9992-4c53-9a64-1d421ec4156e

s1,36c6e47f-e1c6-4673-9201-9003c9246bbd

s1,36ebe38a-42cc-4dfb-9bb7-16fe7ab5792b

s1,375694f7-0f7c-40d2-afb3-2297ffb0a05d

s1,3802b926-2d28-4e2e-a6cc-74d845089760

s1,388239d5-7731-477b-b19d-f864c7654599

s1,388d363c-ebb5-43f2-b29b-b5ab3fa2ff2b

s1,39321a73-72f3-4d70-a8de-981e2b6da429

s1,39f89c00-4172-4652-9033-53a0f171e001

s1,3a7409ca-4a90-4e97-985f-1b9856e945a6

s1,3ad7a95b-08f1-4fd0-8073-6bbb86634818

s1,3b025be1-93b1-4c8e-816a-9435a9ac8dd0

s1,3b1457f4-15ab-498c-b791-8b39b5117ab4

s1,3b3d67e1-584f-443c-9d0d-06e27b41b5c6

s1,3bdf1739-a7a2-4002-a1a2-1fec86950f53

s1,3c072bb9-3b5e-4d5a-9b33-c54ad32cfebd

s1,3d572d7c-8c46-4a24-a324-1d8ae9d909a3

s1,3da0b505-91ed-4683-b4c5-535cb2769532

s1,3dbddec2-680a-40ef-9955-31aef344f56f

s1,3de14a7b-e768-4d04-bd03-3f5095554c2b

s1,3e113182-d247-409d-aa00-e7eb24d48c1b

s1,3e8f8c89-260c-427d-9684-91823b11baf1

s1,3ea7c7e6-79cf-40c2-bcb9-9ab5aa25f97f

s1,3f2216ee-88fd-48c7-9162-4361925f8033

s1,4095e439-e369-4dca-826d-c5694c78ffd2

s1,427eddc4-406b-47fb-9890-1e428f1b84c6

s1,4289991a-9b58-4a18-bf08-949388ec8799

s1,4317a226-528e-412b-b292-c6608a1c3be5

s1,436247ae-7d52-460e-99fa-bd60f33c29cf

s1,447c6548-880a-4b29-9bb7-6ae7e0b2e4f4

s1,453fea8f-bfe7-4fca-bfa5-b61588ce0e25

s1,46e11183-fa1c-432e-b9a1-1cac76802112

s1,472c7eb3-92a7-4ce7-878e-d9e72da829eb

s1,4836ac80-eb0d-4ee5-adbe-aee4a9d05bb0

s1,4859fa60-f31a-45c4-97b6-414f9c91a105

s1,48b3c161-255b-47ca-816a-5ea2e6b9355b

s1,48d107e6-59c2-4fbd-a2db-87959ccf73d3

s1,4942d723-a1f4-40a8-aca2-4d431ea0b2eb

s1,495bf56f-a82e-4342-ba2f-7427f4f41f56

s1,49c7a934-b460-4ed0-9486-487b8393f248

s1,4ae8a1fd-0392-4bda-8b28-b9c47f1dd7f2

s1,4bdcdca2-c0ef-4417-b6a8-eefbdb8da512

s1,4c9727b3-5a52-4361-b47f-f572db20004e

s1,4d5c96cc-8fbf-4e4c-997a-e57f208c5d5b

s1,4d6529c5-7482-4754-bd07-c6333183964b

s1,4d6b8df3-31a9-4529-a5a3-574012585e01

s1,4d888935-a3d1-41b1-be72-4998a81ca356

s1,4e2280d6-0b0f-454c-89cf-e8628b8d76e3

s1,4e28358f-9dba-4629-8156-0822c8b9b7a6

s1,4e2e4fd6-ebb9-4d4a-a0fa-6ea937aec06e

s1,4ee3ebd2-fe60-405c-a86e-f74c31d9f7b3

s1,4f93bf26-a625-495d-bdf6-1ecd4901361e

s1,4feabcb3-6ff0-4b80-a5d4-be9e741552c4

s1,4ff866b1-61e2-4ba8-8829-1ad86f9f85e5

s1,50161460-5a67-454f-a3c1-29fcc28f8045

s1,5093eb25-a105-4254-a206-e5d6354f7a7f

s1,50b371e3-7b78-415d-91f5-6bbd31bf85d7

s1,51556388-18c4-4053-a066-9993878f59c3

s1,52724da5-2743-49b1-b363-3b02242fe1c7

s1,5279b3dd-19bc-46d2-bdfc-76e6af562688

s1,53505372-789e-4347-a000-a62b8ebbe49a

s1,535e58a5-3b36-4e15-81f6-ade955d3ef98

s1,5416188b-2e6d-4290-bdcd-80da98e2bf31

s1,5469d7b9-e63a-40cc-bff2-fcb96773f7fc

s1,54a6864d-75b7-43ef-9f1a-79815bbb65e8

s1,54eb9da1-8e58-4d9e-b037-61e0eb73c134

s1,551298b9-fef1-41e9-adcf-8fbdec8215aa

s1,5574c1b4-1133-4b64-a76c-5e65162a2337

s1,5603b9e8-47ed-4362-a8d0-deaa10f8d33b

s1,569f9f31-3e02-42f1-bb42-d0cb7f5393bb

s1,5732f0c1-2ca4-44b1-aaa2-6a3f0592efd2

s1,5770c705-81d9-4ae6-88dc-c2d7944cb565

s1,57c7c4d8-0d5c-4bf3-a9d2-f5bd1455c779

s1,57df7097-9193-4fce-a062-a9f6064191c9

s1,57e2f3fd-f97a-4e86-ad93-82eaf6628a5c

s1,58312e03-2504-4351-9a62-d4ab503f009b

s1,59361d84-02a7-495b-8b99-e99864f86173

s1,5a454007-5424-4c25-a61c-30f0a45b118e

s1,5b20ce1c-8098-44be-99cb-cf0845a96cba

s1,5bb9681e-4653-49bf-aefc-ab5e98ef8843

s1,5c866023-aa4e-4422-b81a-19135ff6ba44

s1,5c91ac35-7a96-4bba-ae5c-dbc02580e4cf

s1,5d3951b5-c96f-465f-b86d-9efa1707abbe

s1,5d65909a-be5f-4ff2-88ec-6b10c96fad89

s1,5e81a362-4318-4f42-9e48-437594c428e3

s1,611ee8b6-52e2-4b67-92ee-c2dd0baf7307

s1,6128dbaa-cc9e-4914-b688-c769837672a3

s1,619ff846-46dc-4d3a-909e-35d665eaea90

s1,61b082b4-4659-4284-b4b3-a25ad125feb7

s1,61f7b493-4ac2-4bd8-89be-eaa60d4a9494

s1,62374892-2a08-437b-aba3-431b5e230637

s1,634a84bd-4c0e-436b-8813-d6b7d1df129f

s1,63b5d562-6f1a-46f6-bbd8-d51722a10847

s1,645382c9-8d74-4052-adc3-24b4d3cd0065

s1,652046b1-d13a-4238-af0d-ed300634b941

s1,65615a7d-1586-44da-9796-79d58d7b8ddc

s1,66602bcd-870f-4971-ac69-c4f2a7e70e95

s1,66b47901-cdaa-46f1-8144-f1a919e94272

s1,66cf7490-9090-4af4-8035-bf35078269df

s1,673ea4d9-a91d-49a0-a878-3d7b67150ddf

s1,675686b6-9200-414f-aedc-5851cc75aa68

s1,677bd78d-d68c-43c7-9fe9-e2eb4e559a92

s1,6818570b-ccce-4f6e-a4a5-423eecb8fc62

s1,68a6ea12-c962-4dbf-b4c0-cca0c024d84f

s1,68f64654-5c2b-43e6-8f9b-e065f64679cb

s1,69555b3d-3918-4380-9295-b129c5a4a36e

s1,69d58b9a-077e-4246-b20d-55257cc518d1

s1,6a522015-9d42-4cc7-bbbe-5b2f09633bf4

s1,6a66ff0c-d1d9-4e93-bb12-6bd674280ba2

s1,6b144ab2-f072-4cc4-899b-32b2fd7eb026

s1,6b58ded5-aa93-4ec9-b435-063b6b2a32be

s1,6be555ee-7d29-4c9b-923b-85364a8e2b83

s1,6c015e22-3133-4585-a618-02214aa7265d

s1,6c1633ee-6f75-4722-a3c4-640e8c42f2f6

s1,6dc24b64-e4cb-4b33-9dca-23caa084f7e2

s1,6e4d4103-8186-460b-837c-7fb0c2583da7

s1,6ebe8e3a-e51f-44a3-9444-05cdf975e0f0

s1,6ee77a66-768e-4cd8-963a-7c228e895ab2

s1,6f817761-6632-4665-9be4-14fad0baf0e6

s1,70656b21-a1b9-44c6-aa84-2adf633671f2

s1,7155abe8-332b-46c8-991c-3cb6b0084eea

s1,7196dcc7-1235-4028-83aa-809556b1a741

s1,71981c05-9f78-4d3c-85d6-51d4b4210b4a

s1,7200c1b9-b27b-481f-901c-22071338547a

s1,72bac069-3278-45ef-a634-7b1c3698514e

s1,7372db41-5d73-4430-ba08-99c2c7522d34

s1,7496cd9e-1203-4b6d-afd1-a99ae9f0cbb3

s1,7585d04f-7d36-4d1e-8c1d-bf622f153e3e

s1,75e913f0-16ef-4b58-94ef-e758f45f9683

s1,761dcfcf-e88c-4e0d-8ceb-057bef44c7bb

s1,76343604-ce0c-4818-91b7-dc0dc7eb93d5

s1,7638e618-8d8b-44eb-aea3-6cac9717b7f8

s1,7680a00d-21cb-49d3-aa6a-688173d23986

s1,787c4017-5200-46e1-8e03-cc3b6ee3a882

s1,792cb1c6-c7de-424a-ba22-ce15d0189678

s1,799fb772-1fad-4229-a3ba-eba4a211aeff

s1,7a00c5b4-2a48-4f7f-8070-a0f4cd093c46

s1,7a9bcfe1-c986-4157-b04a-0fedd3083963

s1,7b16d8a1-8f43-41e5-b9d3-f9deb6ce76bd

s1,7c03ca8a-3c07-4784-8884-f76c5841474b

s1,7c5b3d0b-6204-489f-81bb-0dfe93eb4a9d

s1,7d3c624a-8caa-43ba-b929-f1d6185f3d8b

s1,7d8d0bad-4c29-42ee-8f2a-dd3bdbfd437a

s1,7dcf0698-90cb-4cc5-a57f-048d10275d0e

s1,7e0ace1f-2d1a-4a06-a201-0af4e69f66c3

s1,7e30730b-d04a-45e7-9b25-bfb756f828e5

s1,7fa2a607-4407-4684-bca5-b30d40b88f40

s1,80818832-31c0-4a6e-9e2a-31f3ceed596e

s1,809daee9-9bd6-41fa-8f8b-f280171c2acf

s1,812f5776-7e56-423f-b9cd-6108cf849465

s1,81a948e4-b248-4484-95f2-6954a2f9fe8b

s1,8227e251-6988-4da4-924d-220137cda00d

s1,8298353b-79f8-4b0e-b139-76c30047371d

s1,83563ae7-115d-41db-af2f-614a048e1060

s1,83e037c8-b1fb-45c4-8808-967b52fc413e

s1,84dd8b8e-6345-4862-944a-3ce83f9bb00d

s1,84f15295-b181-4a09-bb35-a5105b16926b

s1,855af965-be16-422b-b519-1304ed4edaa7

s1,8654c5e8-087a-4108-97ad-bd328d393e1d

s1,888e33d3-dd12-4deb-8b74-0e04afd8e686

s1,893935d3-0a27-40d9-8924-432f2f9fb2d2

s1,89c81560-9f87-4093-b89b-22672959cbcf

s1,89cab0c7-d76e-435f-8fc2-9a7a4615f835

s1,8a7c8481-9591-4d71-8589-72e553a0d48e

s1,8abbe7ae-2185-4fc8-84bc-19b159bff564

s1,8b14e28b-8468-455e-86d4-eadce9dcaea9

s1,8b1ac899-ae89-4889-a94d-f89fcf66fc19

s1,8b212f82-54f3-40a4-b49c-b1763d596743

s1,8b25b134-fb3c-4e97-9852-bbcd3b18071b

s1,8c3d0745-bbfc-4821-8a7c-0355729f98d8

s1,8c9b8ed9-963c-40b3-aecf-28ba0e42c059

s1,8dab950c-5189-4ac4-93c0-68d70bcdbd0b

s1,8e96ab64-74fa-46ab-b436-d35187e118af

s1,8ea7eb2d-3e70-4e77-a562-ae544a995365

s1,90827cf5-e1d7-4fff-8cca-813a33caa581

s1,9147176c-baa6-48d0-afb7-34bcd1a73e44

s1,91d7212a-161b-427f-b70a-2747adb49722

s1,928b71ee-ab96-4856-9388-835f09e344bf

s1,92dbfa2f-6c05-4eb8-a8f1-f124a414da6f

s1,92ee21f3-217f-4381-aeaa-ef527a1521f8

s1,92f51c9a-5a32-43c2-8f72-37c8e9a303a2

s1,933efdfd-9c9b-45cd-a0b1-e4ac15c214f2

s1,936c245f-c358-45db-b13d-2b7b79254cb1

s1,941b37c7-7cc7-40a6-9613-bb3ca43bf70e

s1,94658ac7-e3f5-4bac-89b2-712c0cb6d84b

s1,95491417-c23c-450c-a2b4-73ccb502b880

s1,962eafee-0112-4a5c-9fff-1ae1ff92b346

s1,9651eac3-0cbe-4146-b8d8-5573529037b7

s1,9683ec0d-370e-4093-b2ac-3a9f58e1db8c

s1,970656b6-131a-41dd-bf07-6aae78d11649

s1,9718783f-376b-4818-9004-9bed35771d32

s1,97ea02ea-ac49-44f6-a809-b059d2b894a1

s1,991434ab-bbce-488e-bf85-d78c93c232f1

s1,996808c0-a11b-48f2-a71f-be57527476d2

s1,9aadf8e9-4809-4ae0-8158-e18eede55261

s1,9b03e5a1-df25-4109-9a27-33900c422d00

s1,9b22c3e2-2ab2-4728-8abf-509a6ed97843

s1,9b6198c1-4784-40e4-9826-f62bf5c49e85

s1,9c4bbfc6-5166-4722-97a0-b8836fb3f0f8

s1,9e5bc8d4-b347-4d63-9339-d1876d5dde1e

s1,9e6844c9-c169-48bc-b8d7-7abb01ead601

s1,9f38d9ec-07d9-4f29-9cd6-3d7cb2725eb0

s1,a0e39a74-b579-45d1-befc-a9e23fac131f

s1,a0f115b0-718f-4036-aff7-788820336176

s1,a1086bec-0f0f-4e27-8162-36f6990b0ed8

s1,a11c3fd1-6964-4fdb-8c41-e2ec28e5dd8b

s1,a231cdb6-caca-4bbe-87d3-a40d923fb44f

s1,a23d9c9b-a2b4-4d5f-b324-839b4b93febf

s1,a268f2c8-e35b-418a-9c00-a514a03e3ec4

s1,a29ea3b6-fc48-46e7-8967-bd5bcd16b654

s1,a2d0b001-c721-4672-b925-b562c64914ce

s1,a2da0d4c-756b-43eb-b1aa-321890857fc2

s1,a31a2a21-8e7c-4fe4-865e-f35e89a72a9d

s1,a3285f44-ff14-457c-b95c-0dc6d6cfda9d

s1,a3dba726-1a1c-4dec-87d9-ac6561c4eba1

s1,a3f1549d-892b-4703-bc85-311fef499de0

s1,a4a245e8-1141-4154-a7ff-395f0a7db1f6

s1,a621fbe8-8951-4c82-b475-2f2f4bba2729

s1,a7fa0d01-2611-488e-ae95-e51a8e69ea36

s1,a8efa80e-d3dc-40f8-8e36-2dae9804e828

s1,a918af83-0867-49ff-a388-406a89efe15f

s1,a9279ff8-c8eb-474f-ad15-73f110b96a95

s1,a92dfcfe-ad61-4cd0-b265-15aabb656797

s1,aa079205-f519-43a3-880c-23764f13b920

s1,aa1127d5-492e-4e7d-a53a-0bee6ae729de

s1,aa31229e-363e-4c73-9f19-31193ebbcaa8

s1,aa45d6e8-3a83-4007-951f-d8c54d1df662

s1,abdc5c85-607a-4e5d-b90f-e45ae28cb4af

s1,abe3e75e-0008-4bd3-bba1-526a712da4be

s1,ac9d59df-9466-4182-99ee-bce2fb6c7165

s1,aca5755a-2fae-4552-a85f-7b92260a5185

s1,acf88532-2c91-46c7-a95d-40b7178e7520

s1,ad0522b0-0451-467d-833a-75634ad91d47

s1,ad117228-3418-4f2e-8f43-ea87275e4a8c

s1,ad3ac772-dab4-4b74-b5df-c0e35a98c8b6

s1,ad4c5b8a-88f8-4bff-bf9a-b369f022275c

s1,ae0f9890-53c1-4d12-813c-db290e8db35a

s1,ae37687e-7743-4c4e-a615-fc88cb8b8c04

s1,ae3d7618-0709-4511-b5dd-b7555f88805e

s1,ae75a4bf-eb3a-4fed-9ea9-cb6698702555

s1,aeae65c4-1c83-433f-ae28-fd30d6115d0e

s1,af4f39aa-afc8-4793-98fd-4c3f5ae73d5a

s1,affb9c27-1feb-4af3-898e-feb696be4ec7

s1,afff0742-003e-45b6-9c10-4716e67d2047

s1,b006bfc3-98f8-41f8-8232-297f3896ebeb

s1,b050e682-e935-4341-94de-85b04e653e53

s1,b0712471-c55b-4f85-9070-3c352d27a441

s1,b0b60f67-07eb-4f72-958d-a749f891a871

s1,b17ae446-9456-4b41-8c8b-7cbec93594b8

s1,b1b86d30-1d62-49d2-b8fb-085fd46a319f

s1,b1ed8b3a-799e-4ae2-91ed-e486d06ce540

s1,b276f8f1-60a4-4a1c-88cb-2af2e1cc41f6

s1,b2a9bc93-565b-490d-bfe7-3ba74e15df6e

s1,b2bb4981-6f93-460a-8e8d-61f840f8b0a3

s1,b2db49f6-19b0-4b5c-9bd0-35c97f66c6f0

s1,b317ce2b-6c16-4f3b-9025-104c2be4299c

s1,b33eae9d-686b-46b1-909e-4116c0d71b0b

s1,b359d4ff-4369-465f-bc66-761a2d05fe9c

s1,b378b164-9461-40d2-87b2-43fcdbff109c

s1,b48760e3-e254-4307-99a0-c554c738a849

s1,b5e95c73-cdba-486c-a7c0-a3cc65b86493

s1,b6fb920c-fb20-4b01-a351-a0faef311a77

s1,b6fe5a63-fee8-41f6-8bd7-f88b70e54613

s1,b7f023b5-5c4e-4729-b0fb-7310263792f6

s1,b7ff1748-b312-4fc4-a1f9-958b8b27e34e

s1,b83758da-b263-4945-8f1d-ba2e414a04de

s1,b91a2d2f-2242-4571-8f76-b6ed046a7716

s1,b99c1e76-670a-4e07-b89c-655833043822

s1,ba3220b6-fa67-4e32-9211-cc9c872dbed4

s1,ba7b6833-dafe-4c6e-87a2-70332490a739

s1,bab7e127-6b6b-4e86-bd41-4f537262b1fb

s1,bb1fb0f8-86db-4b25-b70c-b77b70b4732a

s1,bb9064dd-0ffa-4e20-97db-cb50275f102c

s1,bbc98154-4047-48e3-90e8-d6e0755f742a

s1,bc098c71-d4f5-4e3c-b659-20d5475cadfc

s1,bc3c95bb-5e9c-49b3-ada5-2cfd3ca3a87c

s1,bc5090ac-50b5-4a95-bb18-ba66d911aa49

s1,bc8a8991-6259-4da2-a534-efb153bacfa6

s1,bd6d6970-79cf-4501-bc89-a64909634460

s1,bd96b58d-a681-450b-a753-6b5db7e13c8d

s1,be804305-ccd9-4258-8249-e2ab56e7b687

s1,be89cc90-f730-4d2e-bbf1-32bc836fce34

s1,bebcc861-7f8c-44e1-b425-9c9751061e81

s1,bf45d6d4-99e4-4bcc-af80-d04fc609ffff

s1,bf8cf388-f9e3-4c76-ac4a-159b36dd67dc

s1,bfea5bde-15e8-4ded-a1f0-630d1c11dc7a

s1,c045cf3d-349f-49ca-807c-e52021eafe70

s1,c0c8da69-e7c3-44e5-a272-fa3f7b5c0449

s1,c1364306-b432-47e8-a27f-e328a132fb58

s1,c2bec1a8-a736-4013-a7b9-5136bbab39bc

s1,c2c63aef-9b9a-4abd-b5df-1b704c6c5a53

s1,c322e7b1-887c-4ee3-9cb9-7d53293f2f06

s1,c347d649-7333-44a1-98ed-6071fb49b63b

s1,c40f871e-82cf-4444-94b0-40d974fc9569

s1,c5ee8d30-aa1c-447a-9409-54ef88e3b0ed

s1,c84d123b-7ab3-40bf-b57e-78036a7512ce

s1,c8918d9e-f6b8-4196-8820-54caaa0707df

s1,c8b72170-9914-4988-ae3a-9c8c7d86a8ee

s1,c9e0fad5-4e39-4d27-b900-46d6b56c6e26

s1,c9eb62c7-f3bf-4871-bbd6-e04094fadb7b

s1,ca1c6300-4622-4192-8fa3-f2cffc566294

s1,ca2f231c-295c-4d16-b8f7-b4694f911799

s1,ca3e023f-07b7-41a2-95a8-ffb2bd65db51

s1,ca91e242-131b-4c05-9e65-87afa6f558db

s1,cb09eec4-a5ac-4727-932b-457859a1eb7c

s1,cb195686-953c-4bd4-98b1-10d5c11e1117

s1,cc27422d-6788-4664-850d-a5c45fa9a0dc

s1,cc3337a1-fe80-440a-912f-5e3175c41e5a

s1,ccfc68db-ead5-4a55-ab33-0a849ded3ded

s1,cd384ec2-6945-4fea-a798-cf521395debf

s1,cd432482-c7c4-4efd-8227-3b690fb8ed0a

s1,cdc02b76-32ab-4c9f-9cad-433c57469201

s1,cef35245-511e-4d37-b58a-4a506c8b5e1c

s1,cf1c1b49-7ba2-4782-9ce0-74739f4aca3f

s1,d1c5bfd2-6a33-464f-9f5e-bc970d08fd3e

s1,d1edfddb-0758-42bd-83c3-636749bb0cbf

s1,d26bccaa-d1af-40dd-bf33-bcb8d108d0d7

s1,d2895479-4294-4db5-bade-0b7d701bfab2

s1,d33462d8-49d2-4aac-b5f0-cde2de5ad43f

s1,d430a71a-8af1-4a3d-9315-16096a3a8e6e

s1,d47603ba-1acb-4e35-80ee-a81347775dfd

s1,d49b1b17-d1ae-4371-94dd-217f258a9005

s1,d4af8607-1ea7-4625-8dd2-3f708f3c04cc

s1,d4c96cc4-6557-4a38-b941-420c2b426558

s1,d4e5b655-2c16-422a-af84-d44aa402cfb8

s1,d572f621-b4c8-48e2-93a2-1f697d8b981f

s1,d5d4c9e4-08f2-4b4b-ad26-23feb8b34f29

s1,d605d435-70a1-4959-b059-bfd3fd27a0b0

s1,d6a7ddc0-5d67-456f-982a-910fa3c7fade

s1,d752b772-e3e3-4342-b72f-f1ef9db41f88

s1,d7b8420a-584d-419c-8cdd-891ee4f5337f

s1,d8141b20-a942-4978-90b7-eedc513917a9

s1,d88e3cb1-eb77-472a-8f3d-959291015cb4

s1,d8f129f7-4b6a-45ff-977c-d8c7e82d248d

s1,da75535f-7be1-4b84-9cdc-29141af3ca69

s1,dbb3c852-1c8d-4e00-bce3-f82a77a79bdb

s1,dc09ca3c-8b1f-401b-a67b-d8dcb3c4d721

s1,dc738b7e-6301-4825-bd58-e4732108ef20

s1,dcd7230f-e585-47d8-b85e-c390dab76080

s1,dd3759c6-d7f4-483d-8767-3d05aa5877ae

s1,dd4131f6-595b-4c0e-a34b-75d5717e1bbf

s1,de15dd1f-cbd8-4f75-8887-719190a4f803

s1,de1d10b3-0de2-41ca-92b9-bebc7f545a10

s1,debd3545-7539-4d6c-9c91-28c78bb7f728

s1,dee5d314-6848-40df-a363-4fbc46f93a3a

s1,def8f50d-e5d2-4160-b0eb-e5563c87fcc4

s1,df66fda7-8181-4e6a-a3bb-98e61c69f3eb

s1,df92a854-8aca-427c-ba28-05061518fb11

s1,e019797d-83c1-4eb4-8421-096a6f81b7d4

s1,e08c4507-9cbc-4b91-8bc4-a1c741f56f67

s1,e0a1eb33-9e1e-40f5-b996-47d37649ddf7

s1,e0ae7b06-2283-4395-a207-3af8912242df

s1,e0dd3d4a-6890-4a58-99ad-829015dd6009

s1,e0fe6c14-895e-4fae-8978-fc32fdcd2656

s1,e160edd3-9c92-42ee-824a-5f337e943415

s1,e1fcf401-8085-4216-8f4d-eb36bc3c7a60

s1,e201b279-737c-4698-ab3b-cea9c41d1d6f

s1,e208318f-0b07-4ed3-8ee5-92f4a81a726d

s1,e21620ce-57e0-46a5-af77-99e3f84adfcf

s1,e254efad-f7e4-47ec-bf56-8adc6f7ebdf7

s1,e38c534f-cc6d-47f2-bfc6-67c2ed7132e4

s1,e3bdd801-f220-489e-8c7b-0577f6cc734c

s1,e3bef6f0-2977-485c-aa19-381bfbbe331f

s1,e4dc6c2a-3f2a-4535-b52a-38cea269118c

s1,e5ada53c-72a6-4f39-b187-39d755e50313

s1,e7027ad5-df37-4139-90c0-c9027957fceb

s1,e97b093e-f43f-4c68-acd3-f218eff7c307

s1,e9a8508e-b409-4257-a6ad-c53222a30f5c

s1,ea8a23b7-58ea-49d6-ad06-cf4a9505313e

s1,ec30e73a-e5c5-4cb5-a6dc-aed4ff6e70de

s1,ec7081c8-c521-423e-bd48-9e46c3e6bc8e

s1,edfce5f1-fcb5-49de-9b45-564053e4ed05

s1,ee9d3503-1d77-4e60-8442-fc305e20f0e1

s1,ef777be4-7d0d-4e2d-b91d-bb4968ef4b65

s1,f019e27d-a932-401d-8e2f-fcd42eab53bf

s1,f125827b-838b-4b52-951c-688c6a148bed

s1,f2670752-78e0-452b-bef2-adec647d5b5a

s1,f2a0a46c-3bd4-443d-99e2-5964dba89ca9

s1,f334a5d7-d67c-42d6-81bc-65f680a30aab

s1,f372fe1b-9f1b-40f5-a369-827d053f5e08

s1,f37efcdd-ceb5-4cc3-80c7-a27b7d44d6d5

s1,f40f837b-34bc-4505-9dce-c9129c080a14

s1,f4f470fd-cf48-4000-ad4e-e7b2cda45f8d

s1,f53c50ca-5f56-4e00-a548-f3803eb86c8c

s1,f5487bbc-bdb6-4a79-a0fa-5013a54ec9ac

s1,f6573e53-d6bd-43e5-8e72-a3063e2afd59

s1,f6aba630-ac42-474f-8ee5-e50dc05e7717

s1,f70bd1bc-4f43-4872-9652-72cdbd48ce9b

s1,f726f6f9-74e7-4326-91fc-cbf586bc1c75

s1,f7cf59e0-9618-4c12-8171-f1ae2046b8c6

s1,fa59c2db-57b9-4fa6-8860-c6ddf99a2a5f

s1,fa7b8e30-0767-4c93-ac8e-1825bda43a9c

s1,fa945d2a-237f-4877-9492-ddbb6c0e20dd

s1,fab92825-d3e3-4416-a84f-4aa3c20e358d

s1,fafee267-4f26-4a64-9c96-e1dade9296c2

s1,fb59f635-7d08-4fec-b3ba-30255e01b7b8

s1,fb7bfc96-999b-48fe-9d04-73aa67d55ab2

s1,fc385b52-d31d-40d5-9ce8-c6be3f3a2af3

s1,fc814fa6-ae27-40d6-84e8-af30f1439179

s1,fcc38b3a-5dbd-4282-80c2-d414536d1656

s1,fd1cda1f-1e75-40f7-8350-f16ed814a7fc

s1,fd2dcbce-beef-4107-961f-6d8b8a50bf8d

s1,fd6884ff-5723-4342-81c8-01d1a7786224

s1,fd91591e-01e8-4e89-ad0f-468a889b5ee0

s1,fdea1d53-abb8-4833-b946-8a11b90e311f

s1,fe86f17a-8240-490d-9dd9-12e39e7ae40d

s1,fec72a76-a731-4007-9150-627f06d8f68b

s1,ff357794-1214-4255-86a8-b2c7dea3255c

s1,ffef706c-5620-422c-91da-6bb36401fae3

s2,00000000-0000-0000-0009-01f171181df5

s2,00000000-0000-0000-0009-01f7a4c45001

s2,00000000-0000-0000-0009-01ff0c72c2f5

s2,00c162f0-fc86-4ada-9650-b4dab27a82f2

s2,013327c7-c4e3-4188-a809-afa3b18db4a0

s2,015b938b-4504-4a18-a9fb-0c9f44dc199a

s2,018708f3-32b1-499c-81b1-ab94211918e1

s2,0326555a-27ae-47b1-baf2-8a3ea9c0a6e9

s2,03379e2b-4f87-4ae1-bb05-a67ad75cc072

s2,03dadff9-8a7b-44de-a87a-19d430d48add

s2,045ddb18-35e1-4f16-9813-fe0db8991e44

s2,04de96ca-98d9-44f3-99dd-0d9ef8dd112c

s2,054d3b7e-2215-41d3-b07a-7c8296f7d34c

s2,05c79714-86df-44f3-98b3-c389e31b46be

s2,07287377-1ff7-4e33-981a-9ab31027ac84

s2,0729ce7f-e1c1-4e45-bd07-4314e8a7a55b

s2,084a1857-6869-4128-8d37-b810b2ba4c4b

s2,0862c211-0cca-4a08-9b4f-34687c058b4d

s2,092938f8-dd5b-4617-b377-6993e9528d6e

s2,0964b445-0271-43b1-baec-592571e3c730

s2,09f510f0-b8f2-4575-a0b2-d6801af1cf3b

s2,0b573760-b24b-4df0-8e44-a66752498621

s2,0c5aa394-14b6-42d5-aeae-4acf6eb8285a

s2,0ca5f273-bdf4-4734-8d07-0a9b84f2e592

s2,0f17ece4-d2fe-402f-a16c-e0ad0e62c119

s2,0f465ac2-41e7-4733-929f-f3f2053dfd92

s2,0f8f752d-2b33-4bf2-86f0-c5514b6a5b32

s2,11ba05f4-0a9e-4118-a27f-ff9319a11e66

s2,11c2991c-99d7-4a32-ad47-2b1c2a6b16ec

s2,11cef243-80bc-496c-a8ed-1b1d7fbd0059

s2,11d99dbd-1a4b-4981-9885-cf19861b0bd2

s2,12d611a6-6349-4be2-be28-fb86498864da

s2,13358c08-d071-4e55-974e-598b34f5145b

s2,14348791-f010-4040-b7b7-3b4d4fb6ce68

s2,149fe136-b67b-4476-a60f-a4acf74733a8

s2,1576dc04-991e-4bcd-9d7c-86a1e04ff1f7

s2,1629565a-509a-4b48-b788-62303971a953

s2,1681a220-3f29-4b0c-bed5-5bba513c23db

s2,169070d2-e3a5-47bf-be40-6a46f7d3f474

s2,169cb08d-ae68-4d4f-aec8-7f41d1cd0e90

s2,16dd6975-6477-42fb-995c-775a622a0cb9

s2,17047f29-524c-49ce-b9af-482bc7cc3711

s2,177cfbea-9898-411d-87aa-e2a1e6372b64

s2,185e5785-0713-4a94-b63c-1ba6245c5115

s2,18cb8487-8114-4c41-9d40-bc39ff9b6881

s2,191d9d33-4886-4b66-b6c2-b48fbecb52ad

s2,194391c2-6bf5-4c0a-bd95-c4fa9fa01112

s2,19d2a82b-4fb9-4369-851a-e21f3569c948

s2,1a21917c-a444-4330-99d9-4817272fdc5a

s2,1abe3837-5801-4b49-a4fc-ea7e99c4106d

s2,1aca9fdf-0289-4198-9bb9-dd42ce7c78c4

s2,1ae79118-5bb9-4015-972e-04f21b786e2e

s2,1af888e7-9e4f-43e1-bee6-a159d3ce2f39

s2,1b49d3a1-c4f3-49f6-acca-3cc4d2af53e3

s2,1c7c094c-b577-4ae5-83a0-6ea5e4a1271e

s2,1c9528cd-ff4b-4853-aa59-1ac3749722a4

s2,1d1a2e37-cda7-438b-8a18-49f82a520bd6

s2,1d5078b0-6e23-4ac5-ad4c-38b0431db794

s2,1e5148a2-3295-4e14-974b-26c19e4396cb

s2,1e6890f2-4e3b-4413-8917-2887e7906b06

s2,1ec43202-47a6-452c-8499-37f08471e771

s2,1ed967e4-9e10-420c-9f8d-4166a552abe6

s2,20106cd5-ee86-4f82-bb8b-2bfd3cf4ef81

s2,21f1dff0-5209-48aa-a6a8-57c974adbfc0

s2,21f3caf4-cb17-4216-b0ed-879d48ab3195

s2,2200f52d-ff8c-4a76-b911-c062de69a007

s2,2205d8e5-2e42-4f8c-84ca-7a61fded6229

s2,22191aff-9b0a-4390-a06b-b21f8fab52e3

s2,222968fa-92e5-4dc2-87d3-217f48ec31b9

s2,22e90779-725c-4acc-a9a6-8674807e8eb4

s2,23a826bd-1521-4944-8a92-a3f898ead116

s2,24133d88-b7c9-49f2-8198-26c560b4f8a8

s2,24bda688-c6d8-4512-8e03-928be615988d

s2,25d7bfe3-c4e6-46c8-9a06-b445dc4392e6

s2,272ce2a5-3017-457b-af1b-b554699ead90

s2,27960f85-86ea-4266-9555-f6f2c504bab1

s2,27af4f76-fbaa-4306-9031-0e3935fc3c6c

s2,29c2867f-5608-475e-b7cf-5d3e1c27da7b

s2,2a2cc936-75b8-47a6-b55b-2daec24faaed

s2,2ad2db58-93db-4826-9124-501bf5ba1b78

s2,2b788fac-590c-4d4e-90d1-fb8f8efe6ae0

s2,2ba45ae9-85df-4977-8bca-7a50f98a9ae9

s2,2c57c223-8b0c-486d-92bd-1bbbc60ac789

s2,2c95ad02-70c6-4019-aa64-60e8e71a6915

s2,2cb36049-c144-4ed5-add6-6bb88748bc28

s2,2cb92faa-ea06-4761-a8d7-dba63da3fad7

s2,2d15451e-fcf0-458b-80f8-248d441a5188

s2,2d4c44f1-3dab-49b0-a988-f7ced7e6fc38

s2,2d6faceb-c9f8-4290-876e-e54595c76a43

s2,2d7ff3f2-cdfa-405f-a82d-3a04be00b7a4

s2,2dab145b-845c-4800-915c-03d37718b78e

s2,2e5acbca-32d4-40ca-847f-ebab94395123

s2,2f5c73f1-cf8a-4123-9ad2-52c0686380b7

s2,2f5c8040-bd72-4cbe-96b1-0b4d84944613

s2,307ee02b-66fe-4de5-90ad-fd2318e1dbb9

s2,30afdeb4-1981-43fa-b5c7-3059eced5276

s2,30fc18ae-439f-45de-a825-84ea343081c4

s2,313cb2a5-5807-48b5-b77d-3b00249904d8

s2,31514693-8ce1-4c8f-8a13-604a09e63026

s2,3151c0a4-234c-4c1a-b567-4172ff4ca25b

s2,31b3cd1d-333c-4c7c-a961-6339936df751

s2,325f600c-21af-416a-a847-8208e2161075

s2,32f22e09-6345-4736-9e9b-ff35495b6ed8

s2,3300e1c4-1873-4596-bbdb-275dc802f9ab

s2,3344c2a6-b0ef-438a-ade4-e7494f4dd367

s2,34c3cb01-fbe5-485b-a658-d6954d8ef0c3

s2,34f9bd23-1b3a-477b-af53-d3be533e28d1

s2,35489199-1c3e-4490-baba-c2745777f8e3

s2,357d332e-be57-4ce6-85d6-e6479e6d3a90

s2,35865673-710d-4234-9e85-02555d0271eb

s2,3681456c-a4a0-41d5-aa47-21b56ea092bf

s2,36c6e47f-e1c6-4673-9201-9003c9246bbd

s2,37c67738-cd31-45ba-ae8f-7f58d6214f2d

s2,37d195b2-c51e-4d7c-a6f4-f13296dc8db0

s2,3802b926-2d28-4e2e-a6cc-74d845089760

s2,391de729-30ca-4a38-9cbf-b0f58f8ce21c

s2,39f89c00-4172-4652-9033-53a0f171e001

s2,3a6b960b-ed9b-4d1c-bbda-55a243a332b9

s2,3a7409ca-4a90-4e97-985f-1b9856e945a6

s2,3bdcbdbf-d2d6-4731-84d0-b039358c4375

s2,3bdf1739-a7a2-4002-a1a2-1fec86950f53

s2,3c44fc02-dd2d-4b49-9fec-00fc14fce761

s2,3cb90808-fc9b-44fb-937b-4e997ba1759f

s2,3da0b505-91ed-4683-b4c5-535cb2769532

s2,3da68dc0-d3ae-4569-a83d-1bb1d7f98405

s2,3dbddec2-680a-40ef-9955-31aef344f56f

s2,3ddcbc5b-b33a-4dca-82f3-f50f88de2196

s2,3de91bb4-6420-46d3-a9e3-40fda43ec886

s2,3e2a54c7-9be4-485f-a155-58a0df4b1790

s2,3f888bd6-e8ff-48ca-8394-fc19dd11d063

s2,3fdf9149-e15b-4bdd-a468-a85fbc17a98b

s2,3fefcfd6-1955-4d88-831f-8d23fdaa24e8

s2,4005bc45-38af-46f2-9c01-4309c0b281a2

s2,40270a44-ea2e-4b63-a50b-336785c4bece

s2,402baae4-1793-47e8-83af-05ba51d016ad

s2,403dce9f-482d-4285-b85a-4273185bde0d

s2,41d9a77d-2924-4b55-85f4-5ae257ef5c7c

s2,427eddc4-406b-47fb-9890-1e428f1b84c6

s2,436247ae-7d52-460e-99fa-bd60f33c29cf

s2,4410f76a-0fae-4b02-8164-8e800e2275c8

s2,44bdee03-1e90-4e58-a2f3-d2078a2f8b3f

s2,46e11183-fa1c-432e-b9a1-1cac76802112

s2,46ea9cb7-3d77-4de6-8bd0-0d2b79cf42e9

s2,4765f482-7d71-4ddd-9c79-e1461fd33fd3

s2,476a9bfb-3418-4bc9-9e45-6fe9cd2221d9

s2,47c685fa-b33f-477a-86ca-a218899ff3b3

s2,4859fa60-f31a-45c4-97b6-414f9c91a105

s2,489eca56-3e3e-48a8-99ee-b3b34d8ea6a5

s2,4942d723-a1f4-40a8-aca2-4d431ea0b2eb

s2,4a23a742-7c03-4b8d-8c51-f70a8c01c95c

s2,4aa3fd46-b082-4458-96e6-7a2948ab0d02

s2,4bd0fc17-617f-45c3-81b8-7ec323279758

s2,4bfc00de-4ba9-4f61-89fd-50240f2d53ce

s2,4c8b17c6-bafc-4666-8a50-5d8488e162e5

s2,4c9727b3-5a52-4361-b47f-f572db20004e

s2,4cd6c768-818f-47c5-bf65-299976cdd12d

s2,4d6b8df3-31a9-4529-a5a3-574012585e01

s2,4e2e4fd6-ebb9-4d4a-a0fa-6ea937aec06e

s2,4e722ce5-e61f-46e4-92c3-62ce4d948b52

s2,4ee3ebd2-fe60-405c-a86e-f74c31d9f7b3

s2,4f9000bf-4fc5-4db4-9492-831caf3151fb

s2,4feabcb3-6ff0-4b80-a5d4-be9e741552c4

s2,4ff866b1-61e2-4ba8-8829-1ad86f9f85e5

s2,500faafc-056c-47ca-b85e-7675af65bb5d

s2,5032ce5d-bd73-4012-8293-c87b438d4da1

s2,5093eb25-a105-4254-a206-e5d6354f7a7f

s2,51556388-18c4-4053-a066-9993878f59c3

s2,51d07017-28f0-4206-8a85-c12972415a75

s2,52724da5-2743-49b1-b363-3b02242fe1c7

s2,5279e01a-8b78-4efd-b014-1a94a44b4b6c

s2,52a02267-9d6b-4705-8ded-d2b4ca4e57d5

s2,53505372-789e-4347-a000-a62b8ebbe49a

s2,535e58a5-3b36-4e15-81f6-ade955d3ef98

s2,54ab158f-eed2-4cec-b25e-6d8ae000390f

s2,54da227d-bcd5-4730-8063-72826f89d5e9

s2,551298b9-fef1-41e9-adcf-8fbdec8215aa

s2,5574c1b4-1133-4b64-a76c-5e65162a2337

s2,5603b9e8-47ed-4362-a8d0-deaa10f8d33b

s2,56891920-9f5a-475e-b5e7-c652026e3c29

s2,569f9f31-3e02-42f1-bb42-d0cb7f5393bb

s2,5732f0c1-2ca4-44b1-aaa2-6a3f0592efd2

s2,57c7c4d8-0d5c-4bf3-a9d2-f5bd1455c779

s2,58312e03-2504-4351-9a62-d4ab503f009b

s2,58bb689d-dbdc-4e6b-aba4-19642de11348

s2,58f5c90b-df6b-4cfb-9a00-325b0fe52ff8

s2,59361d84-02a7-495b-8b99-e99864f86173

s2,59463402-c23d-4adf-98c2-1381fc69239e

s2,597bf893-869c-461c-a0e0-d83c0ca632ec

s2,59bfff47-f0c9-4194-a3e2-23d52b33b173

s2,5b0d7df6-2086-46b1-9e4f-d528e331c8d4

s2,5b20ce1c-8098-44be-99cb-cf0845a96cba

s2,5b56c64d-0e73-4a3b-b218-6c13eb9a1764

s2,5b831f2b-81cc-407d-b306-47ffbf80d2cd

s2,5be65ca8-ec58-4028-89bc-ad9ed752d9f1

s2,5bfcaa79-e357-45f7-8385-71e34e4d0774

s2,5c4328e9-0577-4639-b290-b447cc45c406

s2,5c550b60-03f9-4133-8c9d-3f6b075a7ce8

s2,5c6870fd-0022-44db-b2ca-2746f80be311

s2,5c866023-aa4e-4422-b81a-19135ff6ba44

s2,5d65909a-be5f-4ff2-88ec-6b10c96fad89

s2,5d8d9acf-a6c2-498d-8e08-b12fb0bb7c78

s2,5df5c16d-2e4a-4a84-aa75-b9e4abc798b9

s2,5e81a362-4318-4f42-9e48-437594c428e3

s2,5fa1e458-1765-4313-8ac3-a8ec61a7e6ff

s2,5fa22e86-a2bf-442d-b912-78db7be1ec1a

s2,5fcfe87b-786e-4d4c-af47-f4d4e6994bce

s2,60089aac-7d7b-4fe7-925e-467f278a2764

s2,604363a3-0d32-4cd3-839a-a4577227d3a5

s2,60fb74b9-d757-41eb-9123-3688f33b1ad6

s2,611ee8b6-52e2-4b67-92ee-c2dd0baf7307

s2,6128dbaa-cc9e-4914-b688-c769837672a3

s2,61b082b4-4659-4284-b4b3-a25ad125feb7

s2,62374892-2a08-437b-aba3-431b5e230637

s2,629b6565-4f1c-4aa4-a2f8-08fb1ec13b03

s2,62f94b0c-dee6-4385-b7e4-a0a68d6d861e

s2,6488fea9-b4f5-4efa-bda5-ccd02be7aff9

s2,649e7552-f9dd-441a-82fc-ccffe62ab87c

s2,65615a7d-1586-44da-9796-79d58d7b8ddc

s2,66107e84-eba7-4684-9da8-18dd20376ba3

s2,66602bcd-870f-4971-ac69-c4f2a7e70e95

s2,66cf7490-9090-4af4-8035-bf35078269df

s2,66f49759-093a-41e9-9b65-5deb1cb5ebcf

s2,6712dc97-fcfe-41b0-9a69-f3ed613b7b21

s2,677bd78d-d68c-43c7-9fe9-e2eb4e559a92

s2,67fbf772-d42d-4779-a226-8f0b86a60f62

s2,68a6ea12-c962-4dbf-b4c0-cca0c024d84f

s2,68ef452a-8047-4588-a5e7-e543a2773be6

s2,6985cee2-76f8-4c25-82e9-433825c81e17

s2,69e06b2c-4acb-47a5-9d47-f935ad21e98b

s2,6db2ad56-bd33-4855-801f-d50631cac04d

s2,6e3f839f-d2d5-4c78-bf39-219eb8a5fc05

s2,6e4d4103-8186-460b-837c-7fb0c2583da7

s2,6f95ffa3-12d5-4b8f-a580-d6bc5513bce6

s2,70bc7b1c-7f09-40bf-bb30-76daa3601595

s2,70caa4ba-648c-4bd7-a4d4-84e5ce4001a5

s2,713c737c-2eba-4afa-be0a-7b21f69f6236

s2,7196dcc7-1235-4028-83aa-809556b1a741

s2,7248bf6a-160a-42f3-ab66-f135c8d326b4

s2,732b4b6e-c859-4a5e-89fc-676c1fa023da

s2,73fbe01a-d9cd-4e6b-b28d-654b907e797b

s2,74fc59f0-0aef-4198-9f08-af9778f4babd

s2,750caf0d-f435-42c1-a041-72e6456a0670

s2,7561bb38-9ad6-4150-a18a-d79ea252aef1

s2,7585d04f-7d36-4d1e-8c1d-bf622f153e3e

s2,76343604-ce0c-4818-91b7-dc0dc7eb93d5

s2,7638e618-8d8b-44eb-aea3-6cac9717b7f8

s2,7680a00d-21cb-49d3-aa6a-688173d23986

s2,786e7ec8-f82b-4245-be90-c6fde82773d1

s2,786eca5d-de7e-42cc-be66-a3c0874883c1

s2,787c4017-5200-46e1-8e03-cc3b6ee3a882

s2,792cb1c6-c7de-424a-ba22-ce15d0189678

s2,79547ec5-0bae-4b87-8426-1d50b4cb06bd

s2,7a8dd345-2bf0-4f57-ba36-cd67af7b1529

s2,7b16d8a1-8f43-41e5-b9d3-f9deb6ce76bd

s2,7c03ca8a-3c07-4784-8884-f76c5841474b

s2,7c5b3d0b-6204-489f-81bb-0dfe93eb4a9d

s2,7ce174d3-7f4d-45cc-af3c-7a72d6355e4d

s2,7e0ace1f-2d1a-4a06-a201-0af4e69f66c3

s2,7edca807-1241-443f-b7ed-8b1d5daf5a40

s2,7f444d0e-ac66-4d26-a21a-886b8e288f3b

s2,7f4744e4-1bcb-40c4-ad64-6b11423f2792

s2,8030a37d-68f7-4ec8-b59e-e278d757f284

s2,80701b36-12c5-46fe-aace-2468ccca2a85

s2,80b04fd0-243c-4958-9ec5-982748cb662a

s2,827e8e37-f52b-413b-927e-8814a02fe0b3

s2,828f2d63-bcc7-42a2-a739-74779f787feb

s2,8298353b-79f8-4b0e-b139-76c30047371d

s2,84526adb-c205-44ab-b7d2-50e042f544c0

s2,84dd8b8e-6345-4862-944a-3ce83f9bb00d

s2,85434619-63ea-46ac-b139-3681fe91abac

s2,87e1608f-7bfc-49c6-8b22-a41d02784608

s2,888e33d3-dd12-4deb-8b74-0e04afd8e686

s2,88f2a33e-b10f-485c-949f-5bd74f9d5bb5

s2,893935d3-0a27-40d9-8924-432f2f9fb2d2

s2,89cab0c7-d76e-435f-8fc2-9a7a4615f835

s2,8a7c8481-9591-4d71-8589-72e553a0d48e

s2,8b14e28b-8468-455e-86d4-eadce9dcaea9

s2,8b1ac899-ae89-4889-a94d-f89fcf66fc19

s2,8c3d0745-bbfc-4821-8a7c-0355729f98d8

s2,8e46551a-7eb3-4c87-a70e-c296862470e1

s2,8e96ab64-74fa-46ab-b436-d35187e118af

s2,8ea7eb2d-3e70-4e77-a562-ae544a995365

s2,90410951-81a3-4068-b211-4e0f485b605f

s2,91d7212a-161b-427f-b70a-2747adb49722

s2,925c149f-fbcd-45d7-8138-f2e055851cbb

s2,92dbfa2f-6c05-4eb8-a8f1-f124a414da6f

s2,92ee21f3-217f-4381-aeaa-ef527a1521f8

s2,92f51c9a-5a32-43c2-8f72-37c8e9a303a2

s2,933efdfd-9c9b-45cd-a0b1-e4ac15c214f2

s2,935b65e9-6451-4c2b-92da-287846a94b07

s2,936c245f-c358-45db-b13d-2b7b79254cb1

s2,950733fc-b8c7-417b-bfb8-a3a709581b7a

s2,95e971c3-5d08-4d03-9ad9-44aa92b1748c

s2,978dae0f-9002-48cd-bf7e-b5f9a911d2f7

s2,97ea02ea-ac49-44f6-a809-b059d2b894a1

s2,984aadc9-046a-4dd9-9a34-13227b4b3ab1

s2,991434ab-bbce-488e-bf85-d78c93c232f1

s2,9a08938f-c4ee-4b1c-9e80-5451e6cfb51e

s2,9a37158a-4e5a-4737-9a9f-521b3350e753

s2,9b6198c1-4784-40e4-9826-f62bf5c49e85

s2,9b6d27b3-f53b-49d1-b8c4-fa807f7575e9

s2,9c0eced9-21ab-4e61-a1a4-81f20e780fa6

s2,9d0baa17-8232-451d-9fdf-8c3b98931d1d

s2,9e5d4085-4448-40a4-99e6-be8f3f0f3ca4

s2,9e95bb2d-9bbd-4508-87c4-d46503d26f09

s2,9ec01f25-7c7a-47cd-90cd-1968e7ffb62f

s2,a06a7eaa-b627-41ed-9056-790da0fb74c9

s2,a0e39a74-b579-45d1-befc-a9e23fac131f

s2,a1a7edd9-d191-4adc-9c4f-e20d6de7a41b

s2,a1d3dded-0445-41dc-b72b-40f2c69a47de

s2,a207d82c-6de1-4098-b94d-e6fb58f10c84

s2,a208e524-76a7-4908-bd65-80f231f65f33

s2,a231cdb6-caca-4bbe-87d3-a40d923fb44f

s2,a31a2a21-8e7c-4fe4-865e-f35e89a72a9d

s2,a384e152-63df-43e2-be49-fc21aa88363c

s2,a3dba726-1a1c-4dec-87d9-ac6561c4eba1

s2,a46a5ea9-f6f9-41a2-aad0-f7c7d02764cc

s2,a4a245e8-1141-4154-a7ff-395f0a7db1f6

s2,a4a83ec1-3622-4b2a-965c-249d89a119c7

s2,a518ad3c-8615-4f75-897d-3fae9dde9151

s2,a51fc2d4-29dd-41bf-a882-4784cde46a6c

s2,a58dc0ee-fcff-4f58-aaaa-f0a8bc0f2871

s2,a59bb977-6f8d-4723-9f42-4af5eb40ef54

s2,a5e6c0be-05e1-462f-94ac-4a26e18922e3

s2,a61020b0-b706-47d2-a954-7eaa7cd2985d

s2,a621fbe8-8951-4c82-b475-2f2f4bba2729

s2,a8028cdf-d043-4884-ae00-7fa74a1b851c

s2,a8efa80e-d3dc-40f8-8e36-2dae9804e828

s2,a92dfcfe-ad61-4cd0-b265-15aabb656797

s2,a93d7e20-8145-4f86-a661-938e2d0c0976

s2,aa45d6e8-3a83-4007-951f-d8c54d1df662

s2,ab8bd02a-9b02-4746-88fb-a6cec3591f16

s2,abda59aa-2c08-4895-ada0-41a35c1f994b

s2,abdc5c85-607a-4e5d-b90f-e45ae28cb4af

s2,abe3e75e-0008-4bd3-bba1-526a712da4be

s2,ac9d59df-9466-4182-99ee-bce2fb6c7165

s2,aca5755a-2fae-4552-a85f-7b92260a5185

s2,ad00fe3f-59d5-4c01-8ad4-80830f34d76e

s2,ad0522b0-0451-467d-833a-75634ad91d47

s2,ad3ac772-dab4-4b74-b5df-c0e35a98c8b6

s2,ae0f9890-53c1-4d12-813c-db290e8db35a

s2,ae37687e-7743-4c4e-a615-fc88cb8b8c04

s2,aeae65c4-1c83-433f-ae28-fd30d6115d0e

s2,af4f39aa-afc8-4793-98fd-4c3f5ae73d5a

s2,afb9c986-9bbe-4154-8e28-0b81c04c1c6c

s2,b050e682-e935-4341-94de-85b04e653e53

s2,b189a96f-f1f6-4387-91e4-f756c268ed53

s2,b1b86d30-1d62-49d2-b8fb-085fd46a319f

s2,b1f960ef-85e8-440b-8ae0-ee0fa38c93ff

s2,b2272d0e-6a26-4ae0-afe8-826597f8f730

s2,b2fbb3af-0d6c-4b65-bebd-4e6fcd5daa23

s2,b317ce2b-6c16-4f3b-9025-104c2be4299c

s2,b359d4ff-4369-465f-bc66-761a2d05fe9c

s2,b378b164-9461-40d2-87b2-43fcdbff109c

s2,b3e0d09b-88a7-4004-b695-667339dd44ae

s2,b431ed20-5d37-412e-91fe-b5f0388877f1

s2,b5e95c73-cdba-486c-a7c0-a3cc65b86493

s2,b6167e1a-de01-4646-80be-64cf009e4cc8

s2,b6267081-9ddd-4f77-a9cf-cb07ff294232

s2,b68de7e6-33ba-484e-afcc-f63e329ec547

s2,b6fb920c-fb20-4b01-a351-a0faef311a77

s2,b6fd9f2d-bd2c-4c9a-95e5-65856afd1b5d

s2,b6fe5a63-fee8-41f6-8bd7-f88b70e54613

s2,b7464462-9399-4379-a59c-dd53e8b25f11

s2,b7f023b5-5c4e-4729-b0fb-7310263792f6

s2,b8cd0d40-e138-44f7-ad1b-d0c72d2e4289

s2,b9c39b16-b0c9-444e-9af2-f0cc7389cad7

s2,ba3220b6-fa67-4e32-9211-cc9c872dbed4

s2,bb12e8fe-491f-488b-ab17-931f4df8d420

s2,bbce1e21-4af0-4886-b234-1a8e3aaa67e4

s2,bc613ebe-6db1-48a5-b5de-bbbd8d21f58f

s2,bc8a8991-6259-4da2-a534-efb153bacfa6

s2,bcb8b750-3582-446e-bc43-ef4b8de2dcda

s2,bcd3734d-d71d-4eb5-861e-5d2bb9f03a4d

s2,bce40dc6-da14-42f8-897c-c8886df46c5b

s2,bd6d6970-79cf-4501-bc89-a64909634460

s2,bd97b385-f377-4c1f-84d3-69b982f913ae

s2,bdaf375b-150c-46e3-8a9c-ff085f0771aa

s2,bebcc861-7f8c-44e1-b425-9c9751061e81

s2,becfa588-1d78-44c5-9d4f-5881cb5b89b2

s2,bf0dbddd-ec11-4ac4-86b1-ddda99e699b3

s2,c012a772-faae-4dfd-8441-bc5d97b2b3f3

s2,c0c8da69-e7c3-44e5-a272-fa3f7b5c0449

s2,c12b63e2-e03e-4e12-80ec-67dc1dd2b761

s2,c1471d7f-2331-4c8d-af48-93b881b40a4e

s2,c1766503-a154-43a6-bb37-03cea2e326e7

s2,c1e469e4-711c-4ea3-a2e2-210226c4f9e0

s2,c2bec1a8-a736-4013-a7b9-5136bbab39bc

s2,c322e7b1-887c-4ee3-9cb9-7d53293f2f06

s2,c40b468c-e845-494a-acb0-ceaf5f778513

s2,c5c6662e-fe4d-43f4-9027-1a2b3f133d45

s2,c5ee8d30-aa1c-447a-9409-54ef88e3b0ed

s2,c5fd040b-fae9-46aa-b355-360a2e45b520

s2,c60bb26b-f042-4c92-9e13-7c811b639275

s2,c61b4418-7bf1-4d53-82f6-61e676c15143

s2,c65aec27-4187-4419-9f8a-be490d845cae

s2,c8b72170-9914-4988-ae3a-9c8c7d86a8ee

s2,c90e0685-e43a-483a-a65a-3da630fdc9cf

s2,c99b76a9-d656-41e0-9f20-040b4818b8d1

s2,ca42d7db-d553-496d-8e34-6790c585dac8

s2,cb54969f-81f1-4c11-a19b-7305fa242b7e

s2,cc27422d-6788-4664-850d-a5c45fa9a0dc

s2,cc396c78-3425-4247-a6d2-e7448e87ad62

s2,cc9a3ba2-fd0c-4b6e-a442-47e4d17227bd

s2,ccb83fcf-2a5d-4337-81da-f49ca5fdb8c9

s2,ccfc68db-ead5-4a55-ab33-0a849ded3ded

s2,cd384ec2-6945-4fea-a798-cf521395debf

s2,cd432482-c7c4-4efd-8227-3b690fb8ed0a

s2,cdc02b76-32ab-4c9f-9cad-433c57469201

s2,cf85a567-6eeb-43d7-b5e2-79acf55b5f1f

s2,cfaf390e-101a-4059-bdce-3e0dd371b2c4

s2,cfcb0aab-824c-450c-951f-f389c0465bee

s2,d1bc5148-469d-4af1-9f4d-e708cbc9eb46

s2,d258f41c-1836-4110-a2d0-a4c320c37ce7

s2,d26bccaa-d1af-40dd-bf33-bcb8d108d0d7

s2,d3e711f7-73ed-4609-a016-881b1f1a31d7

s2,d45aeaa2-bb38-4121-a1b3-4a01144f2001

s2,d47603ba-1acb-4e35-80ee-a81347775dfd

s2,d4c96cc4-6557-4a38-b941-420c2b426558

s2,d66835a7-fb8b-4ac3-ba0a-45b60b8c74e5

s2,d675f397-b065-4bc5-87fb-c60f76a23261

s2,d6c63cd1-b48b-4fb6-841a-d51f05ace766

s2,d752b772-e3e3-4342-b72f-f1ef9db41f88

s2,d9bba684-db84-41ef-90a7-4d0dfd3a905b

s2,daddda3d-c6df-4f58-b1e7-a8483ecba310

s2,db9dd11f-c697-4cfe-9468-24cde2ca53b2

s2,dbb3c852-1c8d-4e00-bce3-f82a77a79bdb

s2,dbc6c2ce-a44e-48be-9fed-bb4870e92d6c

s2,dc09ca3c-8b1f-401b-a67b-d8dcb3c4d721

s2,dc738b7e-6301-4825-bd58-e4732108ef20

s2,dcb93fbc-0f38-4cb3-9ed4-3af90f895907

s2,dcd7230f-e585-47d8-b85e-c390dab76080

s2,dd945934-d254-4815-a6d9-1743a5b5e1ec

s2,dde19491-0753-4773-9123-69a3315a77a7

s2,de0c3084-6d7a-4926-9017-541de50a59a1

s2,de1d10b3-0de2-41ca-92b9-bebc7f545a10

s2,de8c89e1-2f25-424d-8078-c6ff58db7d6e

s2,debe435c-3d2c-4a90-aa03-33a254c2b655

s2,def8f50d-e5d2-4160-b0eb-e5563c87fcc4

s2,df4bfe48-b74e-4960-aad1-30454196f956

s2,df66fda7-8181-4e6a-a3bb-98e61c69f3eb

s2,df92a854-8aca-427c-ba28-05061518fb11

s2,df9f7bf2-7e21-4a4e-8ba2-f8c9d83280c1

s2,dfacf568-6110-4362-809c-6c59c1eb6391

s2,e019797d-83c1-4eb4-8421-096a6f81b7d4

s2,e08c4507-9cbc-4b91-8bc4-a1c741f56f67

s2,e0a1eb33-9e1e-40f5-b996-47d37649ddf7

s2,e0f64e38-cf98-4f22-82b2-477e6d974814

s2,e11344cf-8a82-4408-b391-088334bc9e10

s2,e125e21d-1262-462c-94c0-0bfb4384c190

s2,e1fcf401-8085-4216-8f4d-eb36bc3c7a60

s2,e208318f-0b07-4ed3-8ee5-92f4a81a726d

s2,e304704f-d081-49af-bdca-debdc46d67f1

s2,e348e179-e912-4c48-8818-129437ea804f

s2,e3fdec2e-5e94-4ba9-b8dc-67dba1ac4c7e

s2,e5d80875-1cdf-4e54-bcf3-f6a277c87644

s2,e6244797-c0ee-4751-b46d-3c12cae89e4a

s2,e6dd7979-6d35-4fe6-b135-ca8ddf8481dc

s2,e7833eb0-ca16-49cf-8ea9-f0a3d5802eb7

s2,e8c88ba0-8d02-4d4e-8c6b-688aaa260960

s2,e9a2830c-150c-46db-99b6-8e114c5066f8

s2,e9a8508e-b409-4257-a6ad-c53222a30f5c

s2,e9e01135-391f-4eb4-a44a-8656dc400a06

s2,ea1c1dde-7bad-43a9-8b7e-98b0e4c5f473

s2,ec294b17-377d-4bc5-80ee-fa0c56de77b9

s2,ecbd994a-1d02-4bbf-be7d-dd75e61ace3e

s2,ed4f94f1-13ec-456c-85b9-05735d931538

s2,ed8010a0-4465-4fba-8d33-3022f986c0c9

s2,edd3e299-93e1-4727-8971-ca576fb78559

s2,ee6341fb-ea1a-46c0-a860-61a71c65b84b

s2,ee6af389-e39b-4544-9f1a-1b447acd2cbb

s2,ee9d3503-1d77-4e60-8442-fc305e20f0e1

s2,eef8d25b-152d-499b-bfb8-8fcd933a033f

s2,ef06f6af-9373-4eab-8540-1c0f37d4b08a

s2,ef0b9ebd-b371-40a5-b690-42f33295f6c4

s2,ef354617-f75b-4250-9f24-b4fdc2015928

s2,efb32e81-8a1f-41ce-b957-d5d8f56cd6eb

s2,f1190ed0-9d71-45a3-9e88-225da3acc3eb

s2,f126dff3-ac27-4821-8243-aa906fe40e6b

s2,f334a5d7-d67c-42d6-81bc-65f680a30aab

s2,f37efcdd-ceb5-4cc3-80c7-a27b7d44d6d5

s2,f4fd4d99-3ea2-4979-824a-f7f314810dae

s2,f6573e53-d6bd-43e5-8e72-a3063e2afd59

s2,f72f8ebd-a8fc-41c2-bfa9-0db85d5d22b2

s2,f7a2c080-644d-46b1-b1bb-927bd6714c90

s2,f908177f-d53b-40fc-984e-231542e2fb5d

s2,f9fd911b-9962-48b8-9e5e-74da04ae0d52

s2,fa08a8c9-b03e-44fd-a5f1-4e7ae4d4ef6f

s2,fa49b457-ded9-4e98-a555-e71e72cbba70

s2,fa8ad127-3191-43aa-a6de-6c5044804c07

s2,fb9539c2-7bb0-465c-9ddb-2ad81d83b1f2

s2,fbb63613-147b-4b9f-97a3-c188f05954ce

s2,fc54c7f6-6719-42b7-822a-b22d32ea14fa

s2,fca1a1d8-e9fb-41bb-8c20-83befadbaa99

s2,fd1cda1f-1e75-40f7-8350-f16ed814a7fc

s2,fd2dcbce-beef-4107-961f-6d8b8a50bf8d

s2,fd5e47cd-0748-40df-bbb7-ba6cc9039a18

s2,ffce0e39-8fe5-4c8a-8b06-75e12bdbccef

s3,00000000-0000-0000-0009-000010c33959

s3,00000000-0000-0000-0009-01f045e04303

s3,00000000-0000-0000-0009-01f613b7f3c4

s3,00000000-0000-0000-0009-01f745c08105

s3,00000000-0000-0000-0009-01fb445cbd20

s3,00000000-0000-0000-0009-01fd0a455458

s3,00000000-0000-0000-0009-01fd978134fd

s3,00000000-0000-0000-0009-01ff0c72c2f5

s3,004d2e8d-b2cc-40d6-ba55-b7735098f3d9

s3,008e19a2-9c82-4ee8-93f6-7a913aea7e75

s3,00e22d0f-522a-4094-bb48-85101c28ed6e

s3,0180d67d-1e12-43c8-af36-67488cdb29c0

s3,0181dd2e-0fff-4be4-a704-20e8a4736b5b

s3,021d5ae4-b8d7-45ad-bdf9-eaeb061c78a7

s3,0288dae9-5c3a-43ef-8188-8b0cdaff0680

s3,02bc4a91-77a6-4bbb-8dcd-d3e8292636c3

s3,03dadff9-8a7b-44de-a87a-19d430d48add

s3,04de96ca-98d9-44f3-99dd-0d9ef8dd112c

s3,06bb914e-8354-4802-b32b-d38ba08a4c3b

s3,077f8431-aa79-4934-973a-c35a18905dc7

s3,084a1857-6869-4128-8d37-b810b2ba4c4b

s3,084f8218-483b-47e6-acd3-88eba19e334c

s3,08d656bc-8692-4c91-aa0b-b5b3340b926a

s3,08d97e80-09fa-4636-b7b2-dbfef0ed7ea6

s3,092938f8-dd5b-4617-b377-6993e9528d6e

s3,0964b445-0271-43b1-baec-592571e3c730

s3,09c58b06-df6f-48ff-b468-40862ee0d890

s3,0af9a66c-a2b4-4d82-a899-323705d06bd2

s3,0b178e7a-fe7b-40a4-ad95-2bc224b01212

s3,0c33fef5-6f28-4342-aecc-82a47b13ee52

s3,0dc1b871-2f76-4ad2-b3b6-2b6f9b4a2600

s3,0dd2079a-ee82-4a34-b960-7be2eeb77ddf

s3,0e2ab8f0-01e1-4dda-9205-dc1045fe47a9

s3,0e4f1c7f-f09f-4b0a-91d0-68313368e506

s3,0ea3c604-fbc2-404f-bff0-4fffcceb66ea

s3,0f096258-27e6-4bac-9d79-ac7b95abdb67

s3,0f4ee217-2ccd-4489-924c-587cc728c31e

s3,10710270-4277-4937-9a89-bf317dd15f4d

s3,119db69e-c56f-4123-9e55-9a6ddba722ee

s3,11cef243-80bc-496c-a8ed-1b1d7fbd0059

s3,12b8520c-49c7-40a0-a46a-2e604ec5b190

s3,12d611a6-6349-4be2-be28-fb86498864da

s3,132e23a0-8951-4c76-b047-7c9fa7492113

s3,14348791-f010-4040-b7b7-3b4d4fb6ce68

s3,1434965c-2788-4d83-9cb9-9aa28c9f5623

s3,16068d5f-e327-4dec-a12d-a9eef1765424

s3,16578913-52a5-4070-914d-6b7292261a78

s3,16797565-89a2-48b5-8dd7-db4f4375d7b0

s3,1681a220-3f29-4b0c-bed5-5bba513c23db

s3,169070d2-e3a5-47bf-be40-6a46f7d3f474

s3,16dd6975-6477-42fb-995c-775a622a0cb9

s3,171323cd-c44a-4029-a00e-cd06487964ac

s3,177cfbea-9898-411d-87aa-e2a1e6372b64

s3,17a6e074-a2cc-4e49-bd04-3be16bd54c56

s3,180f66db-832d-46ab-850a-d98d9f87fb18

s3,181cdd3d-7a99-4bd5-bcf3-dfb84b89af86

s3,188db595-38e1-4093-833a-974d41ca853e

s3,191d9d33-4886-4b66-b6c2-b48fbecb52ad

s3,194391c2-6bf5-4c0a-bd95-c4fa9fa01112

s3,198a6ed1-0915-47e4-83cd-bf7e5e2783c1

s3,199d2dd4-35e5-4eea-844c-3482cb771d6f

s3,19cb5bdb-a167-43b9-9a8a-da5c52003fb5

s3,19ee025f-653a-4797-9041-68d37d715816

s3,1c2056b9-e01b-4cca-8be3-0af26236ecc7

s3,1d1a2e37-cda7-438b-8a18-49f82a520bd6

s3,1d50e9a1-db83-4f9d-b95c-0c3d574345b1

s3,1d64aed4-79a0-43c0-a8a8-dcc1aab88bbb

s3,1df8bf81-3d27-48ac-ba20-a06d9d5d0184

s3,1ed967e4-9e10-420c-9f8d-4166a552abe6

s3,1fc5e603-1746-4d9d-ad87-4d1c2df17ea2

s3,2026ff65-dca0-4ef0-bcc3-a86751e55486

s3,2074d6a2-2051-4a5c-93af-ef38013fe4eb

s3,20af9499-fbdd-4e71-ade2-a0960efd78e8

s3,21b6dbb4-f8b4-4983-a907-07367224edc3

s3,21cfc230-74b9-4a25-82bb-18efbc489245

s3,2205d8e5-2e42-4f8c-84ca-7a61fded6229

s3,226cd31c-abd6-4393-9743-6904cff76325

s3,2271159c-c633-40c7-89f1-7f1f1f9ae44c

s3,228f0e86-70aa-4f36-9b00-d4d237f73bbb

s3,22e90779-725c-4acc-a9a6-8674807e8eb4

s3,23a9d2cb-0029-40b9-aa06-70e41a6df111

s3,23b0d23c-3b41-4fe5-898b-c9d4b9125df0

s3,23e75ca4-2913-455a-85e1-802982cf6383

s3,2473a51c-9f19-403b-948f-8fbebe465e7f

s3,24bda688-c6d8-4512-8e03-928be615988d

s3,25722790-46f7-42f5-b317-0fbef9ece8d3

s3,27af4f76-fbaa-4306-9031-0e3935fc3c6c

s3,28233608-15bd-4fae-a645-66942a486f5b

s3,28a34e43-ad93-4ec8-805a-509bb3094dd5

s3,29d4f5e9-824f-4260-bd17-d2d6adf0f8aa

s3,29fb09b0-d7de-43ae-bb6b-29e0a77f7c5e

s3,2a2cc936-75b8-47a6-b55b-2daec24faaed

s3,2a899efe-aafb-4f70-aa38-becbd9757ddc

s3,2ae3ea11-59d2-4b4f-9d2e-09b60236e322

s3,2b0b8d52-afa0-49bc-86f0-49b19f35bf74

s3,2bc68edf-3fd2-4ba6-8886-049de4106bd6

s3,2bfa18fc-624d-4403-87d1-42684020ba98

s3,2c58b010-bfd3-4543-a581-38684a28665f

s3,2c98ea7b-7d20-40e1-926f-6a93e413038a

s3,2d2372bf-8067-4b56-a0a2-e52444ae655e

s3,2d6faceb-c9f8-4290-876e-e54595c76a43

s3,2dab145b-845c-4800-915c-03d37718b78e

s3,2e02105e-58e5-4da5-80a0-6d837bcddf4f

s3,2ead0475-e666-4738-a641-04001c61c199

s3,30afdeb4-1981-43fa-b5c7-3059eced5276

s3,30fc18ae-439f-45de-a825-84ea343081c4

s3,313cb2a5-5807-48b5-b77d-3b00249904d8

s3,314d0bba-ffa4-4bef-a6bb-ab7ea8440023

s3,3151c0a4-234c-4c1a-b567-4172ff4ca25b

s3,31b3cd1d-333c-4c7c-a961-6339936df751

s3,31bce606-c502-4157-924f-16ba7f64d23c

s3,325f600c-21af-416a-a847-8208e2161075

s3,32f22e09-6345-4736-9e9b-ff35495b6ed8

s3,331c6586-cdf9-457e-9d1f-3c01a3be67fa

s3,3331d581-92ff-4aa9-88f7-c0c50ab7d526

s3,3344c2a6-b0ef-438a-ade4-e7494f4dd367

s3,33689acb-0d4b-459e-a02a-0997f58c9b05

s3,33f71e37-ff5e-44eb-842f-2722c74cbf2e

s3,36c6e47f-e1c6-4673-9201-9003c9246bbd

s3,3797174e-d1cc-4699-a29b-f16ebf2c514d

s3,392f5048-e013-4c91-8e8d-d86864e068b1

s3,3944a90f-ea19-48d3-b09c-650433d136a9

s3,39529982-7f25-4ac1-ad73-2b8a561b7697

s3,3952e713-9e48-4934-a782-4bf45386e659

s3,397e6d66-5efa-455c-adf2-1737133f5abb

s3,39898be2-3f90-4db8-a865-3cda04178207

s3,39a10609-6f54-4a38-8443-37e985107acd

s3,39f89c00-4172-4652-9033-53a0f171e001

s3,3a0b74aa-501c-48a6-9678-1678be09e109

s3,3a7409ca-4a90-4e97-985f-1b9856e945a6

s3,3a835424-8857-49db-80ee-8a58e581e577

s3,3b0a2cd0-5830-470d-b9d1-4402231e7eb4

s3,3b1457f4-15ab-498c-b791-8b39b5117ab4

s3,3b9dec2e-02a7-49eb-a784-484c011c8234

s3,3bdf1739-a7a2-4002-a1a2-1fec86950f53

s3,3c03d5cd-3f0c-4aee-ba36-09a624ca1b50

s3,3c930486-582c-4eec-bb46-e36beeff1099

s3,3da0b505-91ed-4683-b4c5-535cb2769532

s3,3dbddec2-680a-40ef-9955-31aef344f56f

s3,3ddcbc5b-b33a-4dca-82f3-f50f88de2196

s3,3e9178e0-0765-4bab-b997-e9b6ccefcaad

s3,3f888bd6-e8ff-48ca-8394-fc19dd11d063

s3,40270a44-ea2e-4b63-a50b-336785c4bece

s3,403dce9f-482d-4285-b85a-4273185bde0d

s3,40935838-9f33-4320-ae1c-1ddf59248abb

s3,410851d5-dcd3-4101-aae4-5f05a0f200b1

s3,41cb4405-1887-4dc5-b442-b08a4053187f

s3,41f478ff-1a7a-4a95-a3ba-d38efad7212f

s3,41fd1ebb-c8b1-4d33-8969-08955e4ea691

s3,421fa353-e06a-4763-ab6b-acbf18db17eb

s3,42503ebf-f5e5-41a6-8714-2100105176d5

s3,427eddc4-406b-47fb-9890-1e428f1b84c6

s3,42b5628f-0426-4023-a304-da51282fc3b6

s3,436247ae-7d52-460e-99fa-bd60f33c29cf

s3,43d7e5db-efd2-41c6-9955-a4059e739a55

s3,4410f76a-0fae-4b02-8164-8e800e2275c8

s3,44b52ba6-dd1a-4f42-8688-ca5e5ed6a526

s3,44e0861d-4801-4a29-8261-e7b83f1911ab

s3,451b420c-0ae0-446f-b474-2209f21282a7

s3,459df85d-60ba-4c82-b439-a0ae0649cc70

s3,46122ad2-c9dd-4ffd-b852-4056cf35b2ab

s3,46a8f9cc-caec-465e-83fc-367259da0c5f

s3,46bff0d2-8331-474c-b572-5ea7427efbb4

s3,46e11183-fa1c-432e-b9a1-1cac76802112

s3,47029a55-3613-4994-87f5-d07f1543c989

s3,47c685fa-b33f-477a-86ca-a218899ff3b3

s3,480351e3-2779-4d27-9a4a-4b15411b3834

s3,480e9c87-b578-4301-9958-d532cd623aca

s3,4859fa60-f31a-45c4-97b6-414f9c91a105

s3,49176761-f37c-478e-8dfb-be587cd79965

s3,4942d723-a1f4-40a8-aca2-4d431ea0b2eb

s3,49705433-1d29-4536-8623-268ad3fdc545

s3,49efe0df-50c9-4e76-bb79-431ea4939710

s3,4a8716ea-8a67-47c8-a9ee-bd16fdce1e46

s3,4b58bddb-6f10-4632-ba4f-19d8fb7ccdd3

s3,4c4fd97c-1893-4d0f-aa51-4ec2f8966c25

s3,4c886fa7-1832-401a-bfc0-7fc25b4763ec

s3,4c9727b3-5a52-4361-b47f-f572db20004e

s3,4d6b8df3-31a9-4529-a5a3-574012585e01

s3,4d90683a-6824-4e38-bf1a-0a4661f9dfaa

s3,4e722ce5-e61f-46e4-92c3-62ce4d948b52

s3,4ec44067-a3fa-4b42-9808-9d1a188e127c

s3,4ee3ebd2-fe60-405c-a86e-f74c31d9f7b3

s3,4fd34eb5-2c5d-4247-9caa-71837c98992e

s3,500faf9c-90da-4ab5-a144-a580fe5d4d2d

s3,50161460-5a67-454f-a3c1-29fcc28f8045

s3,51556388-18c4-4053-a066-9993878f59c3

s3,517d127d-c567-4a78-9d03-4e899d1b9445

s3,51a74649-c245-443e-a30d-8b448bc206fb

s3,51aee271-e019-46a3-9846-c0c77fd7d1ea

s3,51ecf945-9a5e-4c54-a666-1a3a22fa8f47

s3,51f3059b-86b1-41b5-b491-b91d4b587640

s3,52585826-8df7-453f-a493-10e9f93a1efd

s3,5305e7cf-0b25-4ff8-8f39-593a28940d4d

s3,5333e60d-4624-4d0e-9d93-6c003fde33e9

s3,53469937-e3b5-4198-9355-c1ff1d936b26

s3,53505372-789e-4347-a000-a62b8ebbe49a

s3,535a8784-4fbe-48fc-9764-fe596f06f17d

s3,535e58a5-3b36-4e15-81f6-ade955d3ef98

s3,53759054-9708-4670-bd45-377482f51bb7

s3,53e6b14b-8ad8-4d59-a32d-1e04ae88aa00

s3,546b58f6-685d-4ff2-8517-b6c1d235ceec

s3,54709337-eac4-4000-b6fe-4b618b320061

s3,549c0b12-a935-4aba-ba79-945735b77fb5

s3,551298b9-fef1-41e9-adcf-8fbdec8215aa

s3,55c83658-6d34-44e0-8294-7412b10e1de1

s3,565ccced-10b0-4058-a259-150541a20085

s3,569bf698-6f33-4eff-b01d-efc0e96c9149

s3,569f9f31-3e02-42f1-bb42-d0cb7f5393bb

s3,56e43b56-f621-49da-a87f-2cc62721a74a

s3,5732f0c1-2ca4-44b1-aaa2-6a3f0592efd2

s3,578681e5-df46-4fa7-ae9b-a4a43ae9c1e2

s3,57c7c4d8-0d5c-4bf3-a9d2-f5bd1455c779

s3,58087420-b995-45ce-a49e-f2e5b046033e

s3,589ece5a-c153-4f32-adaa-c2fffba848bd

s3,58acf5d6-ba6f-44d7-b8f4-db7cd2e3ffd3

s3,5942a7ec-d306-4771-ac7e-70c34d7f1972

s3,59672223-1107-48ea-a763-a522e8d88fe7

s3,5a2bbb8b-f26b-41e7-af50-3a24f49313c3

s3,5ab0d3ce-c6a9-4608-a217-b392f9061a31

s3,5b56c64d-0e73-4a3b-b218-6c13eb9a1764

s3,5bcc6990-fd4c-44d7-aa9a-70d87a4ace22

s3,5bfcaa79-e357-45f7-8385-71e34e4d0774

s3,5c2a91f0-89f9-4b0b-9cdb-18fe6b9cad21

s3,5c2baa47-bc0a-4480-8b3a-a5d54d269d8c

s3,5c4328e9-0577-4639-b290-b447cc45c406

s3,5caa6782-b21b-4176-98f3-7e3c4d96e883

s3,5d649e0c-5241-4231-b87e-fd4d05c0fde6

s3,5dbd091d-b323-4d9d-81ac-cc1afb093065

s3,5dcce182-c1a9-414c-ad7e-c572b2f19f46

s3,5f8030bf-7ec3-4d61-bd00-9fb130077925

s3,5fcfe87b-786e-4d4c-af47-f4d4e6994bce

s3,607c70fb-3c96-40ca-b26b-cc3b732962f5

s3,608eba24-6731-46e6-bce5-936d355de21c

s3,611ee8b6-52e2-4b67-92ee-c2dd0baf7307

s3,6128dbaa-cc9e-4914-b688-c769837672a3

s3,62374892-2a08-437b-aba3-431b5e230637

s3,625a433f-92b3-4a12-a39f-4bd14bce35bb

s3,62d47f87-2e73-4a56-b6b8-03f9941e65cb

s3,62ee50fa-bbe8-45ac-a9ba-635905d24e79

s3,636c4110-aa39-4764-ba3b-d1bf370f786b

s3,63f1dfb3-117f-4e49-b43f-e1d7bb274bde

s3,649e7552-f9dd-441a-82fc-ccffe62ab87c

s3,649e784a-157a-4a3e-b329-57d98695c2e1

s3,65030031-5a75-400c-be44-7047a2c01896

s3,65866ef4-abc6-42a1-a080-25dd6d092f45

s3,658d8f53-9563-47a2-b1e2-abb2549c4879

s3,662bee71-1aa2-4ce5-a4dd-97f830a06944

s3,66602bcd-870f-4971-ac69-c4f2a7e70e95

s3,66cf7490-9090-4af4-8035-bf35078269df

s3,6712dc97-fcfe-41b0-9a69-f3ed613b7b21

s3,677bd78d-d68c-43c7-9fe9-e2eb4e559a92

s3,67fbf772-d42d-4779-a226-8f0b86a60f62

s3,681f9d7e-5aa6-43cd-b948-935458f0d8cb

s3,6894c583-690f-4529-b04d-6fb263f0444d

s3,68a6ea12-c962-4dbf-b4c0-cca0c024d84f

s3,69d27829-9624-4b73-95dd-99329521003d

s3,6a02b811-9ea5-4ca4-9042-cd4e31c9f944

s3,6c0aa072-b032-4fcb-a907-ccde26caff7e

s3,6d68c157-796a-4596-9903-de56fc2e6164

s3,6e3f839f-d2d5-4c78-bf39-219eb8a5fc05

s3,6e7fc205-e94c-4ae0-83fb-59293c67d45a

s3,6e8b159d-15eb-45c2-930c-a87a224be201

s3,6f6521ac-33df-4f3b-958c-a179ab499413

s3,70656b21-a1b9-44c6-aa84-2adf633671f2

s3,7087afda-299b-4976-83d6-1875cb9dac49

s3,70a6b0b8-b245-40cb-a98d-80a1c160eabf

s3,70ac3931-b4f9-4aa7-99ef-25719a6f3ab0

s3,7196dcc7-1235-4028-83aa-809556b1a741

s3,7200c1b9-b27b-481f-901c-22071338547a

s3,72cb47a5-0f64-4386-9ae8-034215c489d8

s3,734a3429-68c6-4c7a-98a6-38cfd443859a

s3,739872ce-976d-4ab9-8f52-81177db0c3c4

s3,73eaf2b4-0463-41cc-a968-809f0a3c948d

s3,73fbe01a-d9cd-4e6b-b28d-654b907e797b

s3,74220d1c-9bf1-4053-83e1-9d9f060ce0d4

s3,7429486a-549e-4985-a8f3-f7c0bbb1d234

s3,745c987d-b59a-461c-b863-cebf9e08585b

s3,74787b3e-bd1c-47bf-8b30-bfdbb33dff95

s3,7561bb38-9ad6-4150-a18a-d79ea252aef1

s3,761fffca-7872-4d7c-ba97-b75d6ed60a08

s3,7638e618-8d8b-44eb-aea3-6cac9717b7f8

s3,77283ca8-a5c0-4de0-a379-fba289591751

s3,779319f4-d12b-4136-848f-3e83b30e4936

s3,77f5b007-cbe1-4499-a82d-b432372a2bde

s3,781569c0-3a86-473b-9fc2-b466c2d06ec1

s3,783e46ec-a672-45a3-b63c-032b7cd331a2

s3,787c4017-5200-46e1-8e03-cc3b6ee3a882

s3,788831e2-866f-4260-9a60-857ce98d4019

s3,79141ace-54cf-41ea-9018-83f9205033d3

s3,792cb1c6-c7de-424a-ba22-ce15d0189678

s3,793c5422-cae0-4bf0-8866-fb6df49ee869

s3,79547ec5-0bae-4b87-8426-1d50b4cb06bd

s3,79575346-1257-410d-89b5-77b73c85fffc

s3,7a1c6ab9-c32a-4de8-a05b-ca0a94f15605

s3,7a42c43e-6f34-4e4f-9aa1-1eb88bacb87f

s3,7a6fad68-60f6-4d9a-974e-00d25125be4b

s3,7a8dd345-2bf0-4f57-ba36-cd67af7b1529

s3,7b16d8a1-8f43-41e5-b9d3-f9deb6ce76bd

s3,7c03ca8a-3c07-4784-8884-f76c5841474b

s3,7c7919ab-4bf0-4908-8f22-3b4ec4262e2e

s3,7d3c624a-8caa-43ba-b929-f1d6185f3d8b

s3,7dcc7716-9178-40e9-8daf-234258d78a7f

s3,7e0ace1f-2d1a-4a06-a201-0af4e69f66c3

s3,7e30730b-d04a-45e7-9b25-bfb756f828e5

s3,7eaa6dd6-8e59-4fba-82dd-c920a29df5fd

s3,7f38f432-28eb-44f5-9665-0a5c48cbd902

s3,7f4dbb0d-3c3a-4ea3-8e92-96caf3636737

s3,80b04fd0-243c-4958-9ec5-982748cb662a

s3,80cb0a2f-f2db-4383-ab04-535fdb83e085

s3,80eeb174-eba2-41b7-9d67-b18637bc3b43

s3,8121f711-7b7d-42c3-8b8c-bdcd81fdc69d

s3,822a4d38-a5d4-4092-bf02-52fe6af3b18c

s3,828f2d63-bcc7-42a2-a739-74779f787feb

s3,8298353b-79f8-4b0e-b139-76c30047371d

s3,83b99758-f15c-433c-80c4-fb5035b1d6df

s3,8422ea00-3dd3-4f20-b86b-4f0c561ce780

s3,84dd8b8e-6345-4862-944a-3ce83f9bb00d

s3,85434619-63ea-46ac-b139-3681fe91abac

s3,86c7443a-f86e-46e4-bf31-4374fc7aab81

s3,87e1608f-7bfc-49c6-8b22-a41d02784608

s3,87fc640e-3e20-49ed-b055-b2e80461158c

s3,880242bb-684d-435e-826e-0c711feb83de

s3,88e58445-a42f-4714-accb-be2425490c70

s3,893f8208-b598-43f0-863f-0bd8eae23602

s3,8a463a04-ed62-46a7-98ed-532ef85db46f

s3,8a7c8481-9591-4d71-8589-72e553a0d48e

s3,8b14e28b-8468-455e-86d4-eadce9dcaea9

s3,8b1ac899-ae89-4889-a94d-f89fcf66fc19

s3,8b399605-1c77-4845-9636-a10cdb966c69

s3,8c12960c-b116-4966-9170-78db8bffe0c1

s3,8c33d2db-2715-4ffc-a886-c73760bcb916

s3,8c3d0745-bbfc-4821-8a7c-0355729f98d8

s3,8d5b3bdc-b5b1-48b4-860c-5edd9956b09b

s3,8d7f887e-b8bd-49a2-a5f9-c92913df369f

s3,8e5c1fcc-e6f1-4d57-b762-8f7657d3e577

s3,8eaf50b5-a7f2-4502-b233-f266850ee627

s3,8f1cb942-88b6-47c6-9b60-e9025d6aef52

s3,8f89d123-1e1e-472b-95e2-e6649098c120

s3,90410951-81a3-4068-b211-4e0f485b605f

s3,91d55d32-2dd9-4228-9986-9e1e7f1253d1

s3,91d7212a-161b-427f-b70a-2747adb49722

s3,91dae514-1b5b-47f4-ad90-b7218bca8b15

s3,925c149f-fbcd-45d7-8138-f2e055851cbb

s3,92dbfa2f-6c05-4eb8-a8f1-f124a414da6f

s3,930912ad-68fe-4bca-88b5-27ab5fddf5da

s3,935b65e9-6451-4c2b-92da-287846a94b07

s3,936c245f-c358-45db-b13d-2b7b79254cb1

s3,93a4ac82-6744-486b-8360-6d75ac8c5be8

s3,950733fc-b8c7-417b-bfb8-a3a709581b7a

s3,965e7e99-aa88-4a64-b7a3-b3fc628cd4a7

s3,96930602-dcce-47f4-a687-c3dc2c7289b6

s3,9709d529-7a37-4b2f-b088-b1e53f742e09

s3,97926612-d73f-4990-b267-370fe333368e

s3,97ce0ce2-d4de-4c73-b2f6-708559102e11

s3,982490cc-184c-40dc-a455-380a469e4736

s3,99f96e8f-a210-4b44-9159-9fffe4bbe39a

s3,9a311930-37d2-4886-896e-35498165eb86

s3,9a37158a-4e5a-4737-9a9f-521b3350e753

s3,9b6198c1-4784-40e4-9826-f62bf5c49e85

s3,9b6d27b3-f53b-49d1-b8c4-fa807f7575e9

s3,9ba736a0-94e5-4946-877a-faf247ff97a3

s3,9bc384aa-3390-4d3d-948f-b93d714255a7

s3,9c20186b-ad1c-40fc-a7e6-7ecb19929bb1

s3,9c37d360-18ec-4521-b4cb-1e3ec24547f7

s3,9c65aa64-1d0a-41f5-9404-768792af7fd0

s3,9c72a466-7a29-423f-a1b3-f2cad7d84906

s3,9e4809b3-963d-4f12-b3dd-8364ee38d0f4

s3,9ed7b859-3f49-4995-b89a-6ef487076784

s3,a02f1f6c-857d-48eb-aae5-13306d32f9b4

s3,a07a9108-63f2-4786-b5ee-75dc25dbab7b

s3,a0a84810-213c-47d1-898b-3d918afafca3

s3,a0e39a74-b579-45d1-befc-a9e23fac131f

s3,a0f115b0-718f-4036-aff7-788820336176

s3,a124fbd5-adc7-462c-a191-b4bbab60387b

s3,a1730f35-dc02-4326-91e6-e4ea3e6d915f

s3,a183b3b5-d767-4cbe-a726-6dc1f5d07642

s3,a1a23a3f-ab44-45c9-b484-76c99ae8fba8

s3,a374500f-4bd6-4290-b08a-aa8cf0432b64

s3,a451decf-591a-482b-b130-bffec5646efe

s3,a46a5ea9-f6f9-41a2-aad0-f7c7d02764cc

s3,a47f8f43-370e-4775-9897-fe6cdb1ea2e6

s3,a4a245e8-1141-4154-a7ff-395f0a7db1f6

s3,a4a83ec1-3622-4b2a-965c-249d89a119c7

s3,a4bcbc59-9fa5-4ea7-a9bf-ce6ff940e427

s3,a518ad3c-8615-4f75-897d-3fae9dde9151

s3,a543faff-7ddc-4652-bfbe-d5aa63f184b6

s3,a5c1c0c0-de9e-4bba-b008-f148ba060990

s3,a621fbe8-8951-4c82-b475-2f2f4bba2729

s3,a64db2cf-0c6c-4934-bb26-144a51aaff49

s3,a7f2b6f5-4534-4844-851c-c9ae308bd5fc

s3,a870909c-560a-4723-b8dd-66656c80ce88

s3,a92dfcfe-ad61-4cd0-b265-15aabb656797

s3,a93d7e20-8145-4f86-a661-938e2d0c0976

s3,a94e7e5f-5fa6-47f7-8dfd-af9cf8b14695

s3,a98756a6-2ed4-4ade-abc3-204adaa3ae7e

s3,aa45d6e8-3a83-4007-951f-d8c54d1df662

s3,aa5cf01d-1fcb-4a20-bf3d-2843b7db538d

s3,aa93c00c-560a-484d-94d9-e94b5ef791a9

s3,abc9fcf3-10ca-4db3-9db0-f37d2f940435

s3,abe3e75e-0008-4bd3-bba1-526a712da4be

s3,ac9fd83b-0a75-4b45-9ef9-2b5729b148b9

s3,acbe804c-e822-4168-999b-cd1f7740d25a

s3,ad16eca0-e583-42b3-8235-2242f8489f4d

s3,ad3263ca-42b1-4565-a292-663907837293

s3,ad3ac772-dab4-4b74-b5df-c0e35a98c8b6

s3,ad7f3117-5b45-462d-93f9-8c0a526fe4de

s3,aeae65c4-1c83-433f-ae28-fd30d6115d0e

s3,af6629b0-33aa-4b6a-b954-e5441beafc8e

s3,afb9c986-9bbe-4154-8e28-0b81c04c1c6c

s3,aff5624c-e375-4578-939c-442a4ba661e0

s3,b050e682-e935-4341-94de-85b04e653e53

s3,b0bc4f96-d8f3-4280-bd75-fbdc9098756f

s3,b189a96f-f1f6-4387-91e4-f756c268ed53

s3,b1b86d30-1d62-49d2-b8fb-085fd46a319f

s3,b1e7f258-bc1c-41ab-9d68-54e4ff001b06

s3,b1ed8b3a-799e-4ae2-91ed-e486d06ce540

s3,b217f37c-98a9-4d50-9e79-535210a3aff6

s3,b255cc97-b828-4b2b-9160-338ab79db714

s3,b2a9bc93-565b-490d-bfe7-3ba74e15df6e

s3,b2bb4981-6f93-460a-8e8d-61f840f8b0a3

s3,b2fbb3af-0d6c-4b65-bebd-4e6fcd5daa23

s3,b317ce2b-6c16-4f3b-9025-104c2be4299c

s3,b33eae9d-686b-46b1-909e-4116c0d71b0b

s3,b359d4ff-4369-465f-bc66-761a2d05fe9c

s3,b378b164-9461-40d2-87b2-43fcdbff109c

s3,b3d02877-a1df-4b81-b5a0-687f31d5a196

s3,b3d1f5cb-9479-4db5-be0e-8873591550ee

s3,b417d4df-de47-443d-9d3c-296e89bb2284

s3,b42987dc-dea0-4be8-a9a6-c80e1f06bf49

s3,b48760e3-e254-4307-99a0-c554c738a849

s3,b586d7ad-4213-49e4-b664-c86ea9ea3368

s3,b5eb10df-22b0-453d-a48f-e528fe8ba0ec

s3,b682da50-e79a-4b20-9132-8342b6fc8ee3

s3,b6fe5a63-fee8-41f6-8bd7-f88b70e54613

s3,b7f023b5-5c4e-4729-b0fb-7310263792f6

s3,b8381294-e6b1-4534-b349-8dc3c6240540

s3,b83f6d35-14bb-4662-b9ca-cf2566ca7b0f

s3,b892e840-9615-44b3-ab66-9b06003b1d3d

s3,b8de4d36-1990-4443-97bf-374ddce3baa6

s3,b9179157-5cd5-471a-b0df-a0103f6b0563

s3,b928773d-6459-4849-a2c4-3c6f96e53c63

s3,b988251a-db94-4a76-820f-1b6750222ba1

s3,b9c39b16-b0c9-444e-9af2-f0cc7389cad7

s3,ba88767a-a2a0-46b6-aa90-f2839deb45ac

s3,bb1e5a84-fd5f-4b07-a56b-3c52f02e9d49

s3,bcb8444d-a6c1-419b-b873-879d19626613

s3,bcb8b750-3582-446e-bc43-ef4b8de2dcda

s3,bdc6501a-b550-4584-9ceb-a296d278eb03

s3,be0c7d0e-f920-4397-9a99-649ec1f715b8

s3,be3f9604-4c5c-4c9e-af26-a2bdc654cbe5

s3,be94f806-f646-4508-9223-0dc45ac9e6d0

s3,bef3d37c-1734-4338-8a11-97aed8f9cc2d

s3,bf89edb0-3dd0-4b28-a5f3-8a4483022d37

s3,c012a772-faae-4dfd-8441-bc5d97b2b3f3

s3,c015071b-aea4-458f-9774-b87f3b29f3f7

s3,c0cef520-43d1-4089-a08f-1de46741b7f1

s3,c12b63e2-e03e-4e12-80ec-67dc1dd2b761

s3,c13ba2dd-4e16-45ff-a438-5596d695f8d6

s3,c19c199f-459b-4bf5-ab4a-38a676fde175

s3,c1e6e4f8-a7a2-4c31-9bba-3e6990841396

s3,c22b5981-66da-465e-bfe8-f1d2ca65b241

s3,c2583475-596c-4498-8b65-8505c15ce720

s3,c2bec1a8-a736-4013-a7b9-5136bbab39bc

s3,c322e7b1-887c-4ee3-9cb9-7d53293f2f06

s3,c33690ba-53b0-4c17-a735-9d2192fc9da8

s3,c354eebe-c8c6-40da-9a85-ee0d88f1ef99

s3,c40b468c-e845-494a-acb0-ceaf5f778513

s3,c5abf9fe-4325-4b3d-891f-f7ece757fa74

s3,c5ee8d30-aa1c-447a-9409-54ef88e3b0ed

s3,c60bb26b-f042-4c92-9e13-7c811b639275

s3,c6537278-cc8c-4ae8-92ce-23dbf8c035a2

s3,c665ce3d-06a1-4306-b5c1-e1713059782e

s3,c683d153-91ec-42a9-addb-5fd29c2cb264

s3,c69a473b-75dd-49b6-ae28-582a5266e4a2

s3,c70e8d66-121c-4aec-94d8-29ad2f5aadc8

s3,c74d1f74-3ac5-4f9f-8bef-5e1f89c281be

s3,c753ad60-13bb-489f-9aaa-580adf15c1b1

s3,c7b80037-bbd3-41c8-b7c7-3620854e6480

s3,c864b2a0-6180-47d8-9c6f-393fe36e4f8a

s3,c8b72170-9914-4988-ae3a-9c8c7d86a8ee

s3,c99b76a9-d656-41e0-9f20-040b4818b8d1

s3,c9e0fad5-4e39-4d27-b900-46d6b56c6e26

s3,ca157f79-52b1-4d6e-a44a-f2462be8d1f9

s3,ca42d7db-d553-496d-8e34-6790c585dac8

s3,ca732478-161d-4163-b870-8d719a7283db

s3,cb378863-525f-4831-a27b-9d3f467a59d0

s3,cb54969f-81f1-4c11-a19b-7305fa242b7e

s3,cc27422d-6788-4664-850d-a5c45fa9a0dc

s3,cc363560-9f5c-4fd8-b020-14b85792e0ca

s3,cd2341a5-49da-47d6-880e-5c15b9fb2a17

s3,cd384ec2-6945-4fea-a798-cf521395debf

s3,cdb71e96-3676-436d-aa99-1795aa3fa4f3

s3,ce1a106b-67ff-4eb0-b937-ba84835ccf47

s3,ce81e6df-2a12-47b4-8502-26d96944269b

s3,cfbdfb78-d05e-4437-b555-6d263a7b0f32

s3,d09ce2fa-58a6-42e0-9bda-68c093a3370e

s3,d0e8d411-5399-4c5c-a4f7-58e736897fc8

s3,d1837bd6-fd19-4a58-af72-4188f7031c86

s3,d26bccaa-d1af-40dd-bf33-bcb8d108d0d7

s3,d28f6284-82b5-46c3-b65f-a6dc18058b61

s3,d395220a-70fa-48cb-badf-cf9172c10b85

s3,d3ae06fe-75c9-4dca-987a-e8dfa3ac1dc4

s3,d430a71a-8af1-4a3d-9315-16096a3a8e6e

s3,d452d939-291e-4ae0-a72a-5d770a083a6e

s3,d4552a43-976c-4ddc-bec0-94e3b43bb9fa

s3,d47603ba-1acb-4e35-80ee-a81347775dfd

s3,d548ac0a-e844-4d70-a461-c3d9c075ca12

s3,d54a630d-b481-445f-8066-3271c571823f

s3,d61e5350-a23e-4cf7-bdf7-94da08ed9954

s3,d675f397-b065-4bc5-87fb-c60f76a23261

s3,d6c63cd1-b48b-4fb6-841a-d51f05ace766

s3,d701480a-8098-43e6-85e1-7f9dc28d9321

s3,d752b772-e3e3-4342-b72f-f1ef9db41f88

s3,d911d723-f404-4ef2-8528-baeb766837cd

s3,d9bba684-db84-41ef-90a7-4d0dfd3a905b

s3,daa2cf58-16b9-44d4-af61-090723724379

s3,dae29ccc-d6a4-4a71-a38a-4e2f59c7384a

s3,dc591598-27d2-438e-952e-878b71550027

s3,dc6228ac-1442-4982-a881-b1af5d039ad5

s3,dc738b7e-6301-4825-bd58-e4732108ef20

s3,dc9d0a58-bfa3-45fc-9d62-5dea910518dc

s3,dcd425c0-ed6b-41e0-a71c-d49ec36df02f

s3,dd16a451-730b-43aa-afa3-14e47b23e529

s3,dd945934-d254-4815-a6d9-1743a5b5e1ec

s3,dd994182-04e2-4be3-a0d3-c60b073a546c

s3,de035e43-319a-4bb2-a695-047fc97afb39

s3,de1d10b3-0de2-41ca-92b9-bebc7f545a10

s3,de38b2ae-b769-49de-9658-cb101764fd32

s3,de50451a-37c1-436b-8f7c-ab13673c7c91

s3,de8c89e1-2f25-424d-8078-c6ff58db7d6e

s3,de93e0dd-0ff0-429f-b1e1-8e382391417c

s3,debe435c-3d2c-4a90-aa03-33a254c2b655

s3,deea0d95-2385-411c-a501-9ea5a458829d

s3,defb9013-e42b-4fda-b54f-4789cc964e25

s3,df26c471-e09e-44a7-99dc-0484286bc57f

s3,df4f71f9-6d06-490e-b753-74d342580065

s3,df7b3496-9e9a-43c9-841e-5fb190651537

s3,e08c4507-9cbc-4b91-8bc4-a1c741f56f67

s3,e0a1eb33-9e1e-40f5-b996-47d37649ddf7

s3,e0a66e0a-4679-43a3-9b32-83a744afedbe

s3,e0bc1327-55e1-40a7-8932-ca636c74ea0e

s3,e11344cf-8a82-4408-b391-088334bc9e10

s3,e11be3e9-17a2-4385-a81e-41da7dd274dc

s3,e125e21d-1262-462c-94c0-0bfb4384c190

s3,e1494f5c-a4e5-4f03-9def-f23cb2169ac1

s3,e232840c-8cb6-4f62-8a8b-d0d16d72b9ee

s3,e2788a9d-0f45-4efe-b42f-a1313bcd8b3e

s3,e33cec1a-e956-4628-82cb-952abeda9418

s3,e348e179-e912-4c48-8818-129437ea804f

s3,e3b05220-4fb7-4950-9e69-e17cc846f07e

s3,e3fdec2e-5e94-4ba9-b8dc-67dba1ac4c7e

s3,e445d138-085b-4099-9ff7-ed41c2d7e76d

s3,e5c6714c-c542-457c-955e-9041208ce4f8

s3,e5fc1e1d-5d1c-4d68-ade1-3d39660c671e

s3,e685d03c-f3fb-4376-b847-2bfb5ed499d4

s3,e6df4f4e-7b85-4cc0-95e6-6417a62cae66

s3,e85f825b-a393-4752-9ee7-b4e42fd0b3ea

s3,e8c88ba0-8d02-4d4e-8c6b-688aaa260960

s3,e9a8508e-b409-4257-a6ad-c53222a30f5c

s3,ea8a23b7-58ea-49d6-ad06-cf4a9505313e

s3,ebcba2be-f36a-4a16-a622-99c9d6697faa

s3,ebf4c200-d7be-4813-80c2-bee18d19cad0

s3,ec294b17-377d-4bc5-80ee-fa0c56de77b9

s3,ece2c67c-fa25-441d-bc72-ba9365de5192

s3,ece535a1-76a5-4f40-9076-09483f89d32d

s3,ed3ee80b-55db-4f46-9c0a-85efc2a76c15

s3,ed4f94f1-13ec-456c-85b9-05735d931538

s3,edca9d5f-0b96-477f-bbd1-9e7dc3164d03

s3,edd3e299-93e1-4727-8971-ca576fb78559

s3,edfa7995-3021-49a8-a1d7-e46eebff2cfe

s3,ef0b9ebd-b371-40a5-b690-42f33295f6c4

s3,f05375c2-ab19-43bc-8093-6d9d57c17aa3

s3,f08ac983-513c-486a-8057-325e592d9138

s3,f1293d08-e0b7-4367-8bab-c93a390abd36

s3,f22779d8-bad8-4b14-8c31-9b37950f48c3

s3,f25e3202-df8d-4f5a-bcb0-673fbeabbdbe

s3,f2b1863d-382f-4537-a533-419fb202d4fb

s3,f2f74812-762f-41fc-958b-adca0147b62c

s3,f334a5d7-d67c-42d6-81bc-65f680a30aab

s3,f38e6fb1-047c-4aaa-a140-cf5921528457

s3,f3c4cb97-45fd-41cb-b277-7e984295875b

s3,f4b9b10d-eea6-4271-a8ea-90a931de54be

s3,f6aba630-ac42-474f-8ee5-e50dc05e7717

s3,f7717006-8890-4a65-83bb-a8f377488636

s3,f773f49a-abfa-421d-8c81-25b9acfd00ef

s3,f7a2c080-644d-46b1-b1bb-927bd6714c90

s3,f7d590b6-a8bc-4da1-973c-6d761d22a8a0

s3,f8069f00-2969-4be0-9f86-804f8f4b4226

s3,f817f8af-faa9-4fa9-a444-70f4afc99d07

s3,f839d23b-68ca-40de-9759-f6fe60678a61

s3,fa08a8c9-b03e-44fd-a5f1-4e7ae4d4ef6f

s3,fa7b8e30-0767-4c93-ac8e-1825bda43a9c

s3,fb9b5dd4-ab30-4abd-8945-033560129cb4

s3,fbc3371d-4e6d-4eb8-b3da-185bec9ab4d9

s3,fc966d70-3e86-424a-9d0a-9f64f11822ed

s3,fcc38b3a-5dbd-4282-80c2-d414536d1656

s3,fccfde18-16e6-4985-9826-2b71b4508feb

s3,fd03ed39-a074-4395-92d5-67552cafa51e

s3,fd0e7f6a-0164-45d9-8511-bac1cbb84155

